	kmeans_clusters
hft_w21_p5_r2_AAACCTGAGTGATCGG	142
hft_w21_p5_r2_AAACCTGTCGTTGACA	234
hft_w21_p5_r2_AAACCTGTCTTTCCTC	334
hft_w21_p5_r2_AAACGGGAGCAATATG	109
hft_w21_p5_r2_AAACGGGCACAGAGGT	281
hft_w21_p5_r2_AAACGGGCACCATCCT	110
hft_w21_p5_r2_AAACGGGCATTCCTCG	70
hft_w21_p5_r2_AAACGGGGTAGCCTAT	102
hft_w21_p5_r2_AAACGGGGTTAAGATG	140
hft_w21_p5_r2_AAACGGGTCAGTCAGT	25
hft_w21_p5_r2_AAAGATGAGAAACGCC	42
hft_w21_p5_r2_AAAGATGCAATGAATG	122
hft_w21_p5_r2_AAAGATGCATTAACCG	76
hft_w21_p5_r2_AAAGATGGTGCCTGCA	75
hft_w21_p5_r2_AAAGCAAAGGATGGTC	292
hft_w21_p5_r2_AAAGCAAAGGTGCAAC	68
hft_w21_p5_r2_AAAGCAACAATGAAAC	145
hft_w21_p5_r2_AAAGCAACAGCATGAG	31
hft_w21_p5_r2_AAAGCAACAGCCACCA	380
hft_w21_p5_r2_AAAGCAATCATCGATG	308
hft_w21_p5_r2_AAAGCAATCTTGAGGT	226
hft_w21_p5_r2_AAAGTAGAGACAAGCC	172
hft_w21_p5_r2_AAAGTAGCAGGACGTA	248
hft_w21_p5_r2_AAAGTAGCAGGGTATG	259
hft_w21_p5_r2_AAAGTAGGTCCGTCAG	142
hft_w21_p5_r2_AAATGCCAGAGTAATC	396
hft_w21_p5_r2_AAATGCCAGCTGAAAT	143
hft_w21_p5_r2_AAATGCCAGGGATACC	45
hft_w21_p5_r2_AAATGCCCAGCTGTTA	133
hft_w21_p5_r2_AAATGCCGTACACCGC	19
hft_w21_p5_r2_AAATGCCGTACGAAAT	173
hft_w21_p5_r2_AAATGCCGTTGGGACA	259
hft_w21_p5_r2_AAATGCCTCCCACTTG	83
hft_w21_p5_r2_AACACGTAGAGGTACC	41
hft_w21_p5_r2_AACACGTAGATGGGTC	142
hft_w21_p5_r2_AACACGTGTATGCTTG	120
hft_w21_p5_r2_AACACGTGTGGCCCTA	15
hft_w21_p5_r2_AACCATGAGATCCCAT	29
hft_w21_p5_r2_AACCATGAGCACACAG	277
hft_w21_p5_r2_AACCATGCAGGCAGTA	133
hft_w21_p5_r2_AACCATGCATAGTAAG	144
hft_w21_p5_r2_AACCATGGTAGCACGA	321
hft_w21_p5_r2_AACCATGGTGTTTGGT	142
hft_w21_p5_r2_AACCATGTCACCTCGT	3
hft_w21_p5_r2_AACCATGTCCTACAGA	280
hft_w21_p5_r2_AACCATGTCCTGTACC	358
hft_w21_p5_r2_AACCGCGAGCGATTCT	5
hft_w21_p5_r2_AACCGCGAGTCATCCA	230
hft_w21_p5_r2_AACCGCGGTCAACTGT	100
hft_w21_p5_r2_AACCGCGGTCTGATCA	178
hft_w21_p5_r2_AACCGCGTCAACCATG	3
hft_w21_p5_r2_AACCGCGTCTACCTGC	25
hft_w21_p5_r2_AACGTTGAGACATAAC	201
hft_w21_p5_r2_AACGTTGCACGAGGTA	120
hft_w21_p5_r2_AACGTTGCAGATAATG	157
hft_w21_p5_r2_AACGTTGCATGAACCT	70
hft_w21_p5_r2_AACGTTGGTACAGACG	367
hft_w21_p5_r2_AACGTTGGTGATGTGG	167
hft_w21_p5_r2_AACGTTGTCCTGTACC	225
hft_w21_p5_r2_AACTCAGAGCCCGAAA	358
hft_w21_p5_r2_AACTCAGAGCGCCTCA	9
hft_w21_p5_r2_AACTCAGAGGTGTGGT	259
hft_w21_p5_r2_AACTCAGAGTTGAGAT	10
hft_w21_p5_r2_AACTCAGGTAATCACC	76
hft_w21_p5_r2_AACTCAGGTAGCGTCC	58
hft_w21_p5_r2_AACTCCCTCCAAACAC	376
hft_w21_p5_r2_AACTCTTAGAGTCGGT	19
hft_w21_p5_r2_AACTCTTAGGTGCTTT	256
hft_w21_p5_r2_AACTCTTCATCCAACA	108
hft_w21_p5_r2_AACTCTTGTACGACCC	342
hft_w21_p5_r2_AACTCTTTCACTTATC	19
hft_w21_p5_r2_AACTGGTCAAGACGTG	272
hft_w21_p5_r2_AACTGGTCATATGCTG	110
hft_w21_p5_r2_AACTGGTGTCCATCCT	75
hft_w21_p5_r2_AACTGGTGTCTACCTC	201
hft_w21_p5_r2_AACTTTCGTGAGTATA	67
hft_w21_p5_r2_AACTTTCTCAGGCAAG	34
hft_w21_p5_r2_AAGACCTAGATATGGT	15
hft_w21_p5_r2_AAGACCTAGATCACGG	108
hft_w21_p5_r2_AAGACCTCAAACGTGG	11
hft_w21_p5_r2_AAGACCTCAGGCTCAC	153
hft_w21_p5_r2_AAGACCTCAGTAAGAT	344
hft_w21_p5_r2_AAGACCTGTAAATGTG	20
hft_w21_p5_r2_AAGACCTTCTTAACCT	363
hft_w21_p5_r2_AAGCCGCCAGGTTTCA	144
hft_w21_p5_r2_AAGCCGCCAGTTAACC	396
hft_w21_p5_r2_AAGCCGCCATCCTTGC	120
hft_w21_p5_r2_AAGCCGCGTACTCTCC	17
hft_w21_p5_r2_AAGCCGCTCTCGTTTA	352
hft_w21_p5_r2_AAGCCGCTCTGCTGTC	145
hft_w21_p5_r2_AAGGAGCCATCAGTAC	172
hft_w21_p5_r2_AAGGAGCCATTGTGCA	367
hft_w21_p5_r2_AAGGAGCGTGAAATCA	274
hft_w21_p5_r2_AAGGAGCTCACGCGGT	330
hft_w21_p5_r2_AAGGAGCTCCACTCCA	144
hft_w21_p5_r2_AAGGCAGAGCGATATA	189
hft_w21_p5_r2_AAGGCAGAGTGGCACA	1
hft_w21_p5_r2_AAGGCAGCAAGCGCTC	15
hft_w21_p5_r2_AAGGTTCAGAGTCGGT	94
hft_w21_p5_r2_AAGGTTCTCAGTTCGA	376
hft_w21_p5_r2_AAGGTTCTCGTTACGA	342
hft_w21_p5_r2_AAGTCTGAGACGCAAC	380
hft_w21_p5_r2_AATCCAGAGAGTAATC	173
hft_w21_p5_r2_AATCCAGCACCTCGGA	361
hft_w21_p5_r2_AATCCAGGTATCAGTC	321
hft_w21_p5_r2_AATCCAGGTCCGAGTC	178
hft_w21_p5_r2_AATCCAGGTGTTTGTG	376
hft_w21_p5_r2_AATCGGTCACCAGATT	2
hft_w21_p5_r2_AATCGGTCAGACGCAA	388
hft_w21_p5_r2_AATCGGTTCTAGAGTC	311
hft_w21_p5_r2_ACACCAAAGCAGGCTA	97
hft_w21_p5_r2_ACACCAAAGTACGCCC	250
hft_w21_p5_r2_ACACCAAGTCAGGACA	336
hft_w21_p5_r2_ACACCAAGTGGCTCCA	351
hft_w21_p5_r2_ACACCCTAGAACTGTA	147
hft_w21_p5_r2_ACACCCTAGACTCGGA	214
hft_w21_p5_r2_ACACCCTAGCTGAAAT	173
hft_w21_p5_r2_ACACCCTCACTGAAGG	248
hft_w21_p5_r2_ACACCCTCAGTCCTTC	324
hft_w21_p5_r2_ACACCCTGTAACGACG	281
hft_w21_p5_r2_ACACCCTGTCATACTG	99
hft_w21_p5_r2_ACACCCTGTGATGATA	67
hft_w21_p5_r2_ACACCCTGTGTAATGA	293
hft_w21_p5_r2_ACACCGGCAGACAAAT	327
hft_w21_p5_r2_ACACCGGCAGCCAGAA	79
hft_w21_p5_r2_ACACCGGCAGGGATTG	110
hft_w21_p5_r2_ACACCGGCATGCCACG	225
hft_w21_p5_r2_ACACCGGGTAAGGGAA	31
hft_w21_p5_r2_ACACCGGGTACAGCAG	90
hft_w21_p5_r2_ACACCGGGTACCGTAT	58
hft_w21_p5_r2_ACACCGGGTTGACGTT	172
hft_w21_p5_r2_ACACCGGTCAGCTTAG	203
hft_w21_p5_r2_ACACCGGTCATGCATG	140
hft_w21_p5_r2_ACACCGGTCTGGGCCA	361
hft_w21_p5_r2_ACACCGGTCTTGAGGT	31
hft_w21_p5_r2_ACACTGAAGCTAAGAT	367
hft_w21_p5_r2_ACACTGAAGGGTTCCC	140
hft_w21_p5_r2_ACACTGACAGGTTTCA	294
hft_w21_p5_r2_ACACTGACATCTACGA	331
hft_w21_p5_r2_ACACTGAGTCCGAATT	15
hft_w21_p5_r2_ACACTGAGTGAAATCA	363
hft_w21_p5_r2_ACACTGATCACTCTTA	102
hft_w21_p5_r2_ACAGCCGAGACGCAAC	110
hft_w21_p5_r2_ACAGCCGAGCTAGCCC	250
hft_w21_p5_r2_ACAGCCGAGTAGGCCA	3
hft_w21_p5_r2_ACAGCCGCACACCGCA	61
hft_w21_p5_r2_ACAGCCGTCAGTCCCT	19
hft_w21_p5_r2_ACAGCCGTCCTTTCTC	227
hft_w21_p5_r2_ACAGCTAAGGTAGCTG	248
hft_w21_p5_r2_ACAGCTACAGACTCGC	73
hft_w21_p5_r2_ACATACGAGATTACCC	145
hft_w21_p5_r2_ACATACGAGTAGCCGA	142
hft_w21_p5_r2_ACATACGCAGCTGCTG	4
hft_w21_p5_r2_ACATACGGTCACAAGG	49
hft_w21_p5_r2_ACATACGGTCCGTTAA	193
hft_w21_p5_r2_ACATACGGTGCACCAC	388
hft_w21_p5_r2_ACATCAGAGGCTATCT	94
hft_w21_p5_r2_ACATCAGAGGTAAACT	177
hft_w21_p5_r2_ACATCAGCACTGTTAG	42
hft_w21_p5_r2_ACATCAGCATCCCATC	94
hft_w21_p5_r2_ACATCAGGTCATTAGC	142
hft_w21_p5_r2_ACATGGTAGCCGATTT	82
hft_w21_p5_r2_ACATGGTAGTGGAGTC	101
hft_w21_p5_r2_ACATGGTGTACATCCA	58
hft_w21_p5_r2_ACATGGTGTGGGTATG	280
hft_w21_p5_r2_ACATGGTTCCTTTCTC	386
hft_w21_p5_r2_ACCAGTAAGAGCCCAA	148
hft_w21_p5_r2_ACCAGTACAAACAACA	218
hft_w21_p5_r2_ACCAGTAGTAGCAAAT	361
hft_w21_p5_r2_ACCAGTAGTCCCTACT	139
hft_w21_p5_r2_ACCAGTAGTGATGATA	358
hft_w21_p5_r2_ACCCACTAGTAGATGT	225
hft_w21_p5_r2_ACCCACTCAGATCTGT	104
hft_w21_p5_r2_ACCCACTCAGCCTGTG	80
hft_w21_p5_r2_ACCCACTCATACCATG	255
hft_w21_p5_r2_ACCCACTCATGACATC	144
hft_w21_p5_r2_ACCCACTGTTGTGGCC	211
hft_w21_p5_r2_ACCCACTTCCGCGTTT	201
hft_w21_p5_r2_ACCCACTTCTTCATGT	227
hft_w21_p5_r2_ACCGTAAAGATGCCTT	227
hft_w21_p5_r2_ACCGTAAGTCACACGC	25
hft_w21_p5_r2_ACCGTAAGTGGTAACG	166
hft_w21_p5_r2_ACCGTAATCCGCTGTT	19
hft_w21_p5_r2_ACCGTAATCTTAGCCC	110
hft_w21_p5_r2_ACCTTTAAGAGGTTGC	2
hft_w21_p5_r2_ACCTTTAAGTTGAGAT	250
hft_w21_p5_r2_ACCTTTACAAGTTCTG	131
hft_w21_p5_r2_ACCTTTACATGACGGA	176
hft_w21_p5_r2_ACCTTTAGTCTCTTAT	19
hft_w21_p5_r2_ACCTTTAGTTCGCGAC	90
hft_w21_p5_r2_ACCTTTATCTCGTATT	102
hft_w21_p5_r2_ACGAGCCAGACGCTTT	201
hft_w21_p5_r2_ACGAGCCAGATCTGCT	358
hft_w21_p5_r2_ACGAGCCCATCACGTA	201
hft_w21_p5_r2_ACGAGCCCATCGATGT	234
hft_w21_p5_r2_ACGAGCCGTATGAAAC	50
hft_w21_p5_r2_ACGAGCCGTTTGTTGG	372
hft_w21_p5_r2_ACGAGGAAGAAGATTC	331
hft_w21_p5_r2_ACGAGGAAGGTAGCCA	350
hft_w21_p5_r2_ACGAGGAAGTTCCACA	70
hft_w21_p5_r2_ACGAGGACACAAGCCC	173
hft_w21_p5_r2_ACGAGGACAGACGCTC	311
hft_w21_p5_r2_ACGAGGACATGCAACT	42
hft_w21_p5_r2_ACGAGGAGTCGTGGCT	270
hft_w21_p5_r2_ACGAGGATCCAGGGCT	97
hft_w21_p5_r2_ACGAGGATCCGAGCCA	76
hft_w21_p5_r2_ACGAGGATCGCCTGAG	225
hft_w21_p5_r2_ACGATACCAGCAGTTT	42
hft_w21_p5_r2_ACGATACTCAGCTCTC	276
hft_w21_p5_r2_ACGATACTCCACGAAT	61
hft_w21_p5_r2_ACGATACTCTTGAGAC	216
hft_w21_p5_r2_ACGATGTAGGCTCAGA	25
hft_w21_p5_r2_ACGATGTGTAAACCTC	311
hft_w21_p5_r2_ACGATGTGTGAAAGAG	380
hft_w21_p5_r2_ACGATGTGTGAAATCA	136
hft_w21_p5_r2_ACGCAGCCACTGCCAG	110
hft_w21_p5_r2_ACGCCAGAGAATGTGT	97
hft_w21_p5_r2_ACGCCAGAGTGAACGC	173
hft_w21_p5_r2_ACGCCAGCAGCGATCC	206
hft_w21_p5_r2_ACGCCAGGTTCGTCTC	175
hft_w21_p5_r2_ACGCCAGTCGTTGACA	201
hft_w21_p5_r2_ACGCCGACAAGAGGCT	283
hft_w21_p5_r2_ACGCCGAGTAGGACAC	122
hft_w21_p5_r2_ACGCCGATCATAGCAC	292
hft_w21_p5_r2_ACGCCGATCCAAACAC	396
hft_w21_p5_r2_ACGCCGATCGCCGTGA	189
hft_w21_p5_r2_ACGCCGATCTAGAGTC	387
hft_w21_p5_r2_ACGGAGAAGACAAGCC	130
hft_w21_p5_r2_ACGGAGAAGCTGGAAC	172
hft_w21_p5_r2_ACGGAGACAATCAGAA	70
hft_w21_p5_r2_ACGGAGACACACGCTG	84
hft_w21_p5_r2_ACGGCCAAGAGAACAG	178
hft_w21_p5_r2_ACGGCCAAGAGCCTAG	145
hft_w21_p5_r2_ACGGCCAAGCGATGAC	173
hft_w21_p5_r2_ACGGCCACAAGCTGGA	311
hft_w21_p5_r2_ACGGCCACAGATGAGC	227
hft_w21_p5_r2_ACGGCCACATGTTGAC	374
hft_w21_p5_r2_ACGGCCAGTACAGCAG	42
hft_w21_p5_r2_ACGGCCAGTGTAATGA	165
hft_w21_p5_r2_ACGGCCAGTTAAGACA	10
hft_w21_p5_r2_ACGGCCAGTTGAGTTC	172
hft_w21_p5_r2_ACGGCCAGTTGTTTGG	144
hft_w21_p5_r2_ACGGCCATCTAACTTC	43
hft_w21_p5_r2_ACGGGCTAGCTACCTA	8
hft_w21_p5_r2_ACGGGCTCAAACCTAC	376
hft_w21_p5_r2_ACGGGCTCACTGTGTA	110
hft_w21_p5_r2_ACGGGCTCAGATCGGA	166
hft_w21_p5_r2_ACGGGCTGTGTTTGTG	58
hft_w21_p5_r2_ACGGGCTTCCAGGGCT	367
hft_w21_p5_r2_ACGGGTCAGTTAACGA	133
hft_w21_p5_r2_ACGGGTCGTAGCTGCC	142
hft_w21_p5_r2_ACGGGTCTCGAGAGCA	50
hft_w21_p5_r2_ACGGGTCTCGGTCCGA	396
hft_w21_p5_r2_ACGTCAAAGCAACGGT	19
hft_w21_p5_r2_ACGTCAACAATCACAC	376
hft_w21_p5_r2_ACGTCAACAGCTTAAC	296
hft_w21_p5_r2_ACTATCTAGGCCGAAT	91
hft_w21_p5_r2_ACTATCTAGTCATGCT	128
hft_w21_p5_r2_ACTATCTAGTCTCAAC	82
hft_w21_p5_r2_ACTATCTCAGTTCATG	110
hft_w21_p5_r2_ACTATCTGTTCCAACA	280
hft_w21_p5_r2_ACTATCTTCACCTTAT	15
hft_w21_p5_r2_ACTGAACAGAATAGGG	216
hft_w21_p5_r2_ACTGAACAGACGCAAC	138
hft_w21_p5_r2_ACTGAACAGAGTACAT	232
hft_w21_p5_r2_ACTGAACAGCTGAACG	9
hft_w21_p5_r2_ACTGAACCACGTTGGC	285
hft_w21_p5_r2_ACTGAACTCTATCGCC	15
hft_w21_p5_r2_ACTGAGTTCAGGTTCA	259
hft_w21_p5_r2_ACTGAGTTCTCCAGGG	178
hft_w21_p5_r2_ACTGATGAGAGACTAT	358
hft_w21_p5_r2_ACTGATGGTTTGGGCC	108
hft_w21_p5_r2_ACTGATGTCCGATATG	94
hft_w21_p5_r2_ACTGCTCCACTCGACG	108
hft_w21_p5_r2_ACTGCTCGTAGGACAC	77
hft_w21_p5_r2_ACTGCTCGTTCAGACT	31
hft_w21_p5_r2_ACTGCTCTCGCCAGCA	221
hft_w21_p5_r2_ACTGTCCAGATCGATA	250
hft_w21_p5_r2_ACTGTCCAGATGCCTT	149
hft_w21_p5_r2_ACTGTCCCAAGGACTG	332
hft_w21_p5_r2_ACTGTCCCAGGTTTCA	334
hft_w21_p5_r2_ACTGTCCGTACAGCAG	337
hft_w21_p5_r2_ACTGTCCGTGCGATAG	73
hft_w21_p5_r2_ACTGTCCTCCCAGGTG	175
hft_w21_p5_r2_ACTGTCCTCTTAGCCC	370
hft_w21_p5_r2_ACTTACTAGAGCCCAA	94
hft_w21_p5_r2_ACTTACTAGCCACGTC	165
hft_w21_p5_r2_ACTTACTAGCGGCTTC	140
hft_w21_p5_r2_ACTTACTAGCTGTCTA	180
hft_w21_p5_r2_ACTTACTAGGAATTAC	33
hft_w21_p5_r2_ACTTACTCACATGGGA	308
hft_w21_p5_r2_ACTTACTGTTGGGACA	282
hft_w21_p5_r2_ACTTACTTCCAATGGT	330
hft_w21_p5_r2_ACTTGTTCATACGCTA	297
hft_w21_p5_r2_ACTTGTTGTTGCTCCT	145
hft_w21_p5_r2_ACTTTCACACCGAAAG	83
hft_w21_p5_r2_AGAATAGAGAATGTTG	15
hft_w21_p5_r2_AGAATAGCATGTTGAC	173
hft_w21_p5_r2_AGAATAGTCACGATGT	248
hft_w21_p5_r2_AGAATAGTCGTATCAG	202
hft_w21_p5_r2_AGAATAGTCTGGGCCA	94
hft_w21_p5_r2_AGACGTTAGATATGCA	272
hft_w21_p5_r2_AGACGTTCAAAGCAAT	336
hft_w21_p5_r2_AGACGTTGTCCAGTTA	178
hft_w21_p5_r2_AGACGTTTCGTCACGG	110
hft_w21_p5_r2_AGAGCGACAGTGAGTG	81
hft_w21_p5_r2_AGAGCGAGTCCGTCAG	83
hft_w21_p5_r2_AGAGCGAGTGTTTGTG	44
hft_w21_p5_r2_AGAGCGATCAAACGGG	396
hft_w21_p5_r2_AGAGCGATCCTGTACC	270
hft_w21_p5_r2_AGAGCTTCATCACGTA	98
hft_w21_p5_r2_AGAGCTTGTCAACATC	316
hft_w21_p5_r2_AGAGCTTGTGGTGTAG	270
hft_w21_p5_r2_AGAGCTTTCGTCTGCT	227
hft_w21_p5_r2_AGAGCTTTCTCGCTTG	70
hft_w21_p5_r2_AGAGTGGCATACTCTT	135
hft_w21_p5_r2_AGAGTGGTCAATACCG	11
hft_w21_p5_r2_AGAGTGGTCCTGCAGG	201
hft_w21_p5_r2_AGATCTGAGACCTAGG	58
hft_w21_p5_r2_AGATCTGAGAGATGAG	380
hft_w21_p5_r2_AGATCTGAGCACACAG	294
hft_w21_p5_r2_AGATCTGAGGCTACGA	83
hft_w21_p5_r2_AGATCTGCACTAAGTC	178
hft_w21_p5_r2_AGATCTGCAGGACGTA	123
hft_w21_p5_r2_AGATCTGGTACATGTC	262
hft_w21_p5_r2_AGATTGCAGCTGATAA	291
hft_w21_p5_r2_AGATTGCAGCTGCCCA	60
hft_w21_p5_r2_AGATTGCAGTGTTTGC	363
hft_w21_p5_r2_AGATTGCCATTGAGCT	358
hft_w21_p5_r2_AGATTGCCATTGTGCA	256
hft_w21_p5_r2_AGATTGCGTCACAAGG	321
hft_w21_p5_r2_AGATTGCTCCTGCAGG	110
hft_w21_p5_r2_AGCAGCCAGGACTGGT	316
hft_w21_p5_r2_AGCAGCCAGGCAGTCA	90
hft_w21_p5_r2_AGCAGCCCACCGAAAG	154
hft_w21_p5_r2_AGCAGCCCAGTCTTCC	396
hft_w21_p5_r2_AGCAGCCCATACTACG	283
hft_w21_p5_r2_AGCAGCCGTTTGACAC	144
hft_w21_p5_r2_AGCAGCCTCCTATGTT	377
hft_w21_p5_r2_AGCATACAGTTCGATC	393
hft_w21_p5_r2_AGCATACCATAGACTC	67
hft_w21_p5_r2_AGCATACCATCACCCT	3
hft_w21_p5_r2_AGCATACGTTACGGAG	197
hft_w21_p5_r2_AGCCTAAAGAATTGTG	374
hft_w21_p5_r2_AGCCTAAAGATGCCAG	259
hft_w21_p5_r2_AGCCTAACAAGAGGCT	102
hft_w21_p5_r2_AGCCTAAGTACCGGCT	45
hft_w21_p5_r2_AGCGGTCAGCTACCTA	227
hft_w21_p5_r2_AGCGGTCAGCTAGTGG	113
hft_w21_p5_r2_AGCGGTCAGGTTCCTA	270
hft_w21_p5_r2_AGCGGTCCACGAGGTA	128
hft_w21_p5_r2_AGCGGTCTCAACACTG	337
hft_w21_p5_r2_AGCGGTCTCCGTACAA	110
hft_w21_p5_r2_AGCGGTCTCTGCAAGT	358
hft_w21_p5_r2_AGCGGTCTCTTCGGTC	111
hft_w21_p5_r2_AGCGTATCAATGGATA	65
hft_w21_p5_r2_AGCGTATCAATGGTCT	90
hft_w21_p5_r2_AGCGTATGTAGCGCTC	23
hft_w21_p5_r2_AGCGTATGTCCAGTTA	153
hft_w21_p5_r2_AGCGTATGTCCGAAGA	61
hft_w21_p5_r2_AGCGTATTCCCTCTTT	54
hft_w21_p5_r2_AGCTCCTAGGGAAACA	391
hft_w21_p5_r2_AGCTCCTCATACCATG	142
hft_w21_p5_r2_AGCTCCTCATCCTTGC	58
hft_w21_p5_r2_AGCTCCTGTACTTGAC	281
hft_w21_p5_r2_AGCTCCTGTTGGAGGT	142
hft_w21_p5_r2_AGCTCTCAGGCCCTTG	242
hft_w21_p5_r2_AGCTCTCAGTATGACA	313
hft_w21_p5_r2_AGCTCTCCACGAAGCA	396
hft_w21_p5_r2_AGCTCTCCACGTGAGA	42
hft_w21_p5_r2_AGCTCTCGTATTAGCC	318
hft_w21_p5_r2_AGGCCACCATTAACCG	297
hft_w21_p5_r2_AGGCCACGTGGCCCTA	336
hft_w21_p5_r2_AGGCCACTCATGTCTT	75
hft_w21_p5_r2_AGGCCACTCCCTTGTG	131
hft_w21_p5_r2_AGGCCGTCAAGGTTCT	280
hft_w21_p5_r2_AGGCCGTTCGCAGGCT	174
hft_w21_p5_r2_AGGCCGTTCTTGTATC	342
hft_w21_p5_r2_AGGGAGTAGAAGGCCT	108
hft_w21_p5_r2_AGGGAGTCAATGGAGC	201
hft_w21_p5_r2_AGGGAGTCACCAGATT	67
hft_w21_p5_r2_AGGGAGTCATTAACCG	254
hft_w21_p5_r2_AGGGAGTGTATAGGGC	372
hft_w21_p5_r2_AGGGAGTGTTCTGGTA	337
hft_w21_p5_r2_AGGGAGTTCGCAAACT	82
hft_w21_p5_r2_AGGGAGTTCGCGGATC	227
hft_w21_p5_r2_AGGGAGTTCGTTTGCC	94
hft_w21_p5_r2_AGGGATGCACACCGCA	277
hft_w21_p5_r2_AGGGTGAAGAATCTCC	15
hft_w21_p5_r2_AGGGTGAAGACAGACC	15
hft_w21_p5_r2_AGGGTGAAGCGCCTCA	130
hft_w21_p5_r2_AGGGTGAAGCTGATAA	342
hft_w21_p5_r2_AGGGTGACACCTGGTG	274
hft_w21_p5_r2_AGGGTGACATAGTAAG	139
hft_w21_p5_r2_AGGGTGAGTAAGGGCT	107
hft_w21_p5_r2_AGGGTGAGTTAAAGTG	41
hft_w21_p5_r2_AGGTCATAGCTGTTCA	321
hft_w21_p5_r2_AGGTCATCAAGTTGTC	289
hft_w21_p5_r2_AGGTCATGTACACCGC	376
hft_w21_p5_r2_AGGTCATGTTCTCATT	108
hft_w21_p5_r2_AGGTCCGCAAGTCTAC	142
hft_w21_p5_r2_AGGTCCGCACGAAACG	234
hft_w21_p5_r2_AGGTCCGCAGACGCTC	19
hft_w21_p5_r2_AGGTCCGGTGATGTCT	42
hft_w21_p5_r2_AGTAGTCAGATCCCGC	117
hft_w21_p5_r2_AGTAGTCCAAGGTTCT	176
hft_w21_p5_r2_AGTAGTCCAGTCGATT	357
hft_w21_p5_r2_AGTAGTCTCCTATTCA	321
hft_w21_p5_r2_AGTAGTCTCGGTGTTA	173
hft_w21_p5_r2_AGTCTTTAGCCGCCTA	370
hft_w21_p5_r2_AGTCTTTCAAAGTGCG	58
hft_w21_p5_r2_AGTCTTTCACAGGTTT	173
hft_w21_p5_r2_AGTCTTTGTCTAGTCA	8
hft_w21_p5_r2_AGTCTTTGTCTAGTGT	263
hft_w21_p5_r2_AGTCTTTTCTGTACGA	277
hft_w21_p5_r2_AGTGAGGAGCTAAGAT	28
hft_w21_p5_r2_AGTGAGGCAGACGCCT	142
hft_w21_p5_r2_AGTGAGGGTCCAGTGC	185
hft_w21_p5_r2_AGTGAGGTCCTAGGGC	201
hft_w21_p5_r2_AGTGGGAAGCTCCTTC	396
hft_w21_p5_r2_AGTGGGAAGTTACGGG	388
hft_w21_p5_r2_AGTGGGACAGCCTGTG	18
hft_w21_p5_r2_AGTGGGACATTCTCAT	57
hft_w21_p5_r2_AGTGGGAGTACGAAAT	140
hft_w21_p5_r2_AGTGGGAGTCTTGTCC	284
hft_w21_p5_r2_AGTGTCAAGCAGGCTA	201
hft_w21_p5_r2_AGTGTCAAGGAATTAC	311
hft_w21_p5_r2_AGTGTCACAGAGCCAA	308
hft_w21_p5_r2_AGTGTCAGTAATAGCA	108
hft_w21_p5_r2_AGTGTCAGTCCCTTGT	81
hft_w21_p5_r2_AGTGTCATCCATTCTA	153
hft_w21_p5_r2_AGTGTCATCTCTAGGA	36
hft_w21_p5_r2_AGTTGGTCAGGAATGC	174
hft_w21_p5_r2_AGTTGGTCAGTCAGAG	111
hft_w21_p5_r2_AGTTGGTGTAAACACA	102
hft_w21_p5_r2_AGTTGGTTCAGCTCGG	11
hft_w21_p5_r2_AGTTGGTTCCGTCATC	172
hft_w21_p5_r2_AGTTGGTTCGGTTAAC	45
hft_w21_p5_r2_ATAACGCTCTAACTCT	124
hft_w21_p5_r2_ATAAGAGGTGCTTCTC	82
hft_w21_p5_r2_ATAAGAGTCTGCTGCT	250
hft_w21_p5_r2_ATAGACCCAAATCCGT	19
hft_w21_p5_r2_ATAGACCCAGTGGAGT	210
hft_w21_p5_r2_ATAGACCCATAGACTC	178
hft_w21_p5_r2_ATAGACCTCCTCAACC	181
hft_w21_p5_r2_ATCACGAAGTGTACCT	176
hft_w21_p5_r2_ATCACGACACACTGCG	336
hft_w21_p5_r2_ATCACGAGTGCTTCTC	336
hft_w21_p5_r2_ATCACGATCTCTTGAT	50
hft_w21_p5_r2_ATCATCTAGACCCACC	376
hft_w21_p5_r2_ATCATCTAGTACGACG	108
hft_w21_p5_r2_ATCATCTCATATGGTC	330
hft_w21_p5_r2_ATCATCTCATGCCTAA	84
hft_w21_p5_r2_ATCATCTGTAGCCTAT	190
hft_w21_p5_r2_ATCATCTTCCCTGACT	36
hft_w21_p5_r2_ATCATCTTCGTTTAGG	230
hft_w21_p5_r2_ATCATGGCAATCCAAC	259
hft_w21_p5_r2_ATCATGGCAGCTATTG	110
hft_w21_p5_r2_ATCATGGCATCAGTAC	45
hft_w21_p5_r2_ATCATGGGTAAACCTC	58
hft_w21_p5_r2_ATCATGGGTGTTGGGA	311
hft_w21_p5_r2_ATCATGGTCACCGTAA	9
hft_w21_p5_r2_ATCCACCGTTCCACAA	361
hft_w21_p5_r2_ATCCACCTCTCGTTTA	202
hft_w21_p5_r2_ATCCACCTCTGGGCCA	134
hft_w21_p5_r2_ATCCACCTCTGTCTCG	321
hft_w21_p5_r2_ATCCGAAAGCCACGCT	256
hft_w21_p5_r2_ATCCGAAAGCCGATTT	308
hft_w21_p5_r2_ATCCGAAAGTGCCATT	144
hft_w21_p5_r2_ATCCGAACACATTAGC	72
hft_w21_p5_r2_ATCCGAACACCCATGG	201
hft_w21_p5_r2_ATCCGAACACTGTCGG	301
hft_w21_p5_r2_ATCCGAATCATTGCGA	140
hft_w21_p5_r2_ATCGAGTAGCCACCTG	42
hft_w21_p5_r2_ATCGAGTCAGCTGCAC	370
hft_w21_p5_r2_ATCTACTCACGGACAA	334
hft_w21_p5_r2_ATCTACTTCGACAGCC	389
hft_w21_p5_r2_ATCTACTTCGTCGTTC	173
hft_w21_p5_r2_ATCTGCCCAAAGCAAT	376
hft_w21_p5_r2_ATCTGCCCATCTCGCT	154
hft_w21_p5_r2_ATCTGCCGTTTGGCGC	269
hft_w21_p5_r2_ATGAGGGAGTCACGCC	364
hft_w21_p5_r2_ATGAGGGTCCACGAAT	396
hft_w21_p5_r2_ATGAGGGTCCACTGGG	133
hft_w21_p5_r2_ATGCGATAGAAAGTGG	82
hft_w21_p5_r2_ATGCGATAGCCCAGCT	147
hft_w21_p5_r2_ATGCGATGTAAATGTG	108
hft_w21_p5_r2_ATGCGATGTACGAAAT	110
hft_w21_p5_r2_ATGCGATGTAGTACCT	102
hft_w21_p5_r2_ATGCGATGTATAAACG	17
hft_w21_p5_r2_ATGCGATGTGCAGACA	49
hft_w21_p5_r2_ATGCGATTCTGAGGGA	173
hft_w21_p5_r2_ATGGGAGAGAGCAATT	233
hft_w21_p5_r2_ATGGGAGAGTGTGAAT	358
hft_w21_p5_r2_ATGTGTGAGGTAGCCA	256
hft_w21_p5_r2_ATGTGTGAGTACACCT	67
hft_w21_p5_r2_ATGTGTGCAAACGCGA	294
hft_w21_p5_r2_ATGTGTGCACCACGTG	42
hft_w21_p5_r2_ATGTGTGCAGTCAGAG	126
hft_w21_p5_r2_ATGTGTGTCATGTCTT	10
hft_w21_p5_r2_ATTACTCAGAAGGTTT	227
hft_w21_p5_r2_ATTACTCAGATCGGGT	108
hft_w21_p5_r2_ATTACTCCAAGCCATT	302
hft_w21_p5_r2_ATTACTCGTCTCTCGT	65
hft_w21_p5_r2_ATTACTCGTTATTCTC	236
hft_w21_p5_r2_ATTACTCTCGACAGCC	133
hft_w21_p5_r2_ATTACTCTCTGATTCT	376
hft_w21_p5_r2_ATTATCCAGGCAAAGA	248
hft_w21_p5_r2_ATTATCCGTCAACTGT	259
hft_w21_p5_r2_ATTATCCTCCTATGTT	4
hft_w21_p5_r2_ATTCTACAGAGTGACC	351
hft_w21_p5_r2_ATTCTACAGTTGTAGA	178
hft_w21_p5_r2_ATTCTACCAAGAAGAG	326
hft_w21_p5_r2_ATTCTACCACGCGAAA	42
hft_w21_p5_r2_ATTCTACCAGTAAGAT	140
hft_w21_p5_r2_ATTCTACCATGCTAGT	120
hft_w21_p5_r2_ATTCTACGTAAAGTCA	87
hft_w21_p5_r2_ATTCTACGTCGAGATG	110
hft_w21_p5_r2_ATTCTACGTTAAAGTG	17
hft_w21_p5_r2_ATTCTACTCCAGTATG	280
hft_w21_p5_r2_ATTGGACAGGCGATAC	62
hft_w21_p5_r2_ATTGGACCAGCCACCA	27
hft_w21_p5_r2_ATTGGACGTCGTTGTA	273
hft_w21_p5_r2_ATTGGACTCTCAAACG	94
hft_w21_p5_r2_ATTGGTGTCATAACCG	38
hft_w21_p5_r2_ATTTCTGAGAATCTCC	173
hft_w21_p5_r2_ATTTCTGAGGCTCAGA	15
hft_w21_p5_r2_ATTTCTGCATCACGTA	173
hft_w21_p5_r2_ATTTCTGGTATGCTTG	299
hft_w21_p5_r2_ATTTCTGGTCTCTTAT	110
hft_w21_p5_r2_ATTTCTGGTGCAACGA	110
hft_w21_p5_r2_ATTTCTGGTTTGTTGG	73
hft_w21_p5_r2_CAACCAACAATAAGCA	281
hft_w21_p5_r2_CAACCAACACTCAGGC	19
hft_w21_p5_r2_CAACCAACATAGGATA	114
hft_w21_p5_r2_CAACCAACATCAGTAC	111
hft_w21_p5_r2_CAACCTCAGTGAACGC	84
hft_w21_p5_r2_CAACCTCCAATCCGAT	201
hft_w21_p5_r2_CAACTAGAGAGCCCAA	306
hft_w21_p5_r2_CAACTAGCAAGGACTG	324
hft_w21_p5_r2_CAACTAGTCATCTGCC	44
hft_w21_p5_r2_CAACTAGTCGCACTCT	59
hft_w21_p5_r2_CAAGAAAAGTAGTGCG	246
hft_w21_p5_r2_CAAGAAAGTCTGGTCG	351
hft_w21_p5_r2_CAAGATCAGCGGATCA	277
hft_w21_p5_r2_CAAGGCCGTCGTTGTA	11
hft_w21_p5_r2_CAAGTTGGTGTGAAAT	336
hft_w21_p5_r2_CAAGTTGTCACATAGC	259
hft_w21_p5_r2_CAAGTTGTCACCTCGT	173
hft_w21_p5_r2_CAAGTTGTCCGCGGTA	270
hft_w21_p5_r2_CAAGTTGTCGTTACAG	277
hft_w21_p5_r2_CACAAACAGGGAGTAA	397
hft_w21_p5_r2_CACAAACGTACCGTAT	342
hft_w21_p5_r2_CACAAACTCGCAAACT	11
hft_w21_p5_r2_CACAAACTCGCCAGCA	292
hft_w21_p5_r2_CACACAACAACAACCT	70
hft_w21_p5_r2_CACACAAGTGTGACCC	76
hft_w21_p5_r2_CACACCTAGAAACCAT	142
hft_w21_p5_r2_CACACCTAGGATGTAT	139
hft_w21_p5_r2_CACACCTCACACCGAC	234
hft_w21_p5_r2_CACACCTCATCGATGT	280
hft_w21_p5_r2_CACACCTCATTGGCGC	2
hft_w21_p5_r2_CACACCTTCAGAAATG	204
hft_w21_p5_r2_CACACCTTCCTCTAGC	311
hft_w21_p5_r2_CACACTCAGAAGGGTA	376
hft_w21_p5_r2_CACACTCAGCGATTCT	270
hft_w21_p5_r2_CACACTCCACAGCCCA	358
hft_w21_p5_r2_CACACTCCACCAGGTC	396
hft_w21_p5_r2_CACACTCCATGGTTGT	84
hft_w21_p5_r2_CACACTCTCGAACGGA	98
hft_w21_p5_r2_CACACTCTCTCCGGTT	234
hft_w21_p5_r2_CACAGGCAGGCCCTCA	225
hft_w21_p5_r2_CACAGGCCAAATCCGT	225
hft_w21_p5_r2_CACAGGCCACATGTGT	136
hft_w21_p5_r2_CACAGGCTCACCATAG	374
hft_w21_p5_r2_CACAGGCTCCTTTACA	102
hft_w21_p5_r2_CACAGGCTCTCGCATC	4
hft_w21_p5_r2_CACAGGCTCTTCGAGA	367
hft_w21_p5_r2_CACAGTACAAGCCCAC	360
hft_w21_p5_r2_CACAGTACACAGGAGT	19
hft_w21_p5_r2_CACAGTAGTCGCGAAA	283
hft_w21_p5_r2_CACATAGCATCACCCT	367
hft_w21_p5_r2_CACATAGTCATGCTCC	376
hft_w21_p5_r2_CACATAGTCGAATGCT	31
hft_w21_p5_r2_CACATTTGTCAGGACA	363
hft_w21_p5_r2_CACATTTTCCTAGAAC	176
hft_w21_p5_r2_CACATTTTCTCAAACG	315
hft_w21_p5_r2_CACCACTGTGTGCCTG	384
hft_w21_p5_r2_CACCACTTCGGTCCGA	201
hft_w21_p5_r2_CACCAGGAGACTTGAA	321
hft_w21_p5_r2_CACCAGGAGATAGCAT	110
hft_w21_p5_r2_CACCAGGAGCCCAATT	188
hft_w21_p5_r2_CACCAGGCACCTCGTT	274
hft_w21_p5_r2_CACCAGGCAGCGATCC	1
hft_w21_p5_r2_CACCAGGCATCCCATC	58
hft_w21_p5_r2_CACCAGGGTGTTTGGT	154
hft_w21_p5_r2_CACCAGGGTTAAGAAC	351
hft_w21_p5_r2_CACCAGGTCTTACCTA	173
hft_w21_p5_r2_CACCTTGGTCTGATCA	178
hft_w21_p5_r2_CACCTTGTCAAGGCTT	90
hft_w21_p5_r2_CACCTTGTCAGTGTTG	49
hft_w21_p5_r2_CACTCCAAGACAAGCC	82
hft_w21_p5_r2_CACTCCAAGAGTGACC	257
hft_w21_p5_r2_CACTCCACAAGGACAC	133
hft_w21_p5_r2_CACTCCACAAGGGTCA	2
hft_w21_p5_r2_CACTCCACACCCATGG	259
hft_w21_p5_r2_CACTCCACAGGCTCAC	259
hft_w21_p5_r2_CACTCCACAGTAAGAT	110
hft_w21_p5_r2_CACTCCACATCTGGTA	226
hft_w21_p5_r2_CACTCCACATGCGCAC	326
hft_w21_p5_r2_CACTCCAGTCATATCG	98
hft_w21_p5_r2_CAGAATCCAAGTCTAC	172
hft_w21_p5_r2_CAGAATCGTCTTCAAG	256
hft_w21_p5_r2_CAGAATCGTTACTGAC	324
hft_w21_p5_r2_CAGAGAGAGCTGATAA	274
hft_w21_p5_r2_CAGAGAGAGGACAGAA	337
hft_w21_p5_r2_CAGAGAGGTCCAGTAT	70
hft_w21_p5_r2_CAGAGAGGTCTACCTC	82
hft_w21_p5_r2_CAGAGAGGTGAGGGAG	38
hft_w21_p5_r2_CAGAGAGTCATAACCG	171
hft_w21_p5_r2_CAGATCACACGTGAGA	19
hft_w21_p5_r2_CAGATCAGTAGGCATG	173
hft_w21_p5_r2_CAGATCAGTATGAATG	75
hft_w21_p5_r2_CAGATCATCAAGGTAA	340
hft_w21_p5_r2_CAGATCATCACCCTCA	336
hft_w21_p5_r2_CAGCAGCAGCTCCCAG	173
hft_w21_p5_r2_CAGCAGCGTCAATACC	178
hft_w21_p5_r2_CAGCATACAAGTAATG	15
hft_w21_p5_r2_CAGCATACAGACGCAA	173
hft_w21_p5_r2_CAGCATACAGCTGTAT	11
hft_w21_p5_r2_CAGCATACATTGAGCT	61
hft_w21_p5_r2_CAGCATAGTAAGTGGC	80
hft_w21_p5_r2_CAGCCGAAGCCTATGT	300
hft_w21_p5_r2_CAGCCGAAGGGAGTAA	47
hft_w21_p5_r2_CAGCCGACACCATCCT	351
hft_w21_p5_r2_CAGCCGACATGATCCA	248
hft_w21_p5_r2_CAGCCGAGTCTCCATC	83
hft_w21_p5_r2_CAGCCGAGTTCAGCGC	225
hft_w21_p5_r2_CAGCCGAGTTTGTTTC	337
hft_w21_p5_r2_CAGCGACAGTGGAGTC	11
hft_w21_p5_r2_CAGCGACAGTTCCACA	83
hft_w21_p5_r2_CAGCGACTCGGTCCGA	326
hft_w21_p5_r2_CAGCTAACAAGCGTAG	292
hft_w21_p5_r2_CAGCTAACAGTTTACG	30
hft_w21_p5_r2_CAGCTAATCTAGAGTC	133
hft_w21_p5_r2_CAGCTGGAGAGTAAGG	245
hft_w21_p5_r2_CAGCTGGAGCTGAAAT	73
hft_w21_p5_r2_CAGCTGGAGGCACATG	76
hft_w21_p5_r2_CAGCTGGAGGCTAGCA	84
hft_w21_p5_r2_CAGCTGGAGTACGTTC	52
hft_w21_p5_r2_CAGCTGGCACCAGCAC	380
hft_w21_p5_r2_CAGCTGGGTGTGACCC	31
hft_w21_p5_r2_CAGCTGGGTGTGCCTG	384
hft_w21_p5_r2_CAGGTGCCACATGGGA	292
hft_w21_p5_r2_CAGGTGCCAGGAATCG	9
hft_w21_p5_r2_CAGGTGCGTACTCAAC	326
hft_w21_p5_r2_CAGGTGCGTGACTACT	140
hft_w21_p5_r2_CAGTAACAGTACCGGA	259
hft_w21_p5_r2_CAGTAACAGTCGTACT	139
hft_w21_p5_r2_CAGTAACCATGAAGTA	367
hft_w21_p5_r2_CAGTAACTCAGGCCCA	19
hft_w21_p5_r2_CAGTCCTAGAGCCTAG	225
hft_w21_p5_r2_CAGTCCTAGCTCCCAG	19
hft_w21_p5_r2_CAGTCCTAGCTGAAAT	277
hft_w21_p5_r2_CAGTCCTAGGCATGTG	80
hft_w21_p5_r2_CAGTCCTAGTCGTTTG	274
hft_w21_p5_r2_CAGTCCTCAGAAGCAC	133
hft_w21_p5_r2_CAGTCCTCATCAGTCA	221
hft_w21_p5_r2_CAGTCCTGTGTAACGG	178
hft_w21_p5_r2_CAGTCCTGTTCGTGAT	17
hft_w21_p5_r2_CAGTCCTTCACAATGC	111
hft_w21_p5_r2_CAGTCCTTCCTAGGGC	250
hft_w21_p5_r2_CATATGGCACTGAAGG	145
hft_w21_p5_r2_CATATGGCATGATCCA	184
hft_w21_p5_r2_CATATGGTCAGCTCTC	120
hft_w21_p5_r2_CATATTCAGAGTAATC	358
hft_w21_p5_r2_CATATTCAGCCGTCGT	250
hft_w21_p5_r2_CATATTCAGCGTCTAT	64
hft_w21_p5_r2_CATATTCCACAAGTAA	256
hft_w21_p5_r2_CATATTCCATACTCTT	248
hft_w21_p5_r2_CATATTCTCAATCACG	134
hft_w21_p5_r2_CATATTCTCACCGGGT	58
hft_w21_p5_r2_CATATTCTCTAACTCT	14
hft_w21_p5_r2_CATATTCTCTTGTACT	259
hft_w21_p5_r2_CATCAAGCAATGAATG	336
hft_w21_p5_r2_CATCAAGGTCTAGGTT	85
hft_w21_p5_r2_CATCAGAAGCCTTGAT	147
hft_w21_p5_r2_CATCAGACAGCCTTTC	144
hft_w21_p5_r2_CATCAGACATGCCCGA	144
hft_w21_p5_r2_CATCAGAGTCAAAGAT	396
hft_w21_p5_r2_CATCCACAGGCTAGCA	232
hft_w21_p5_r2_CATCCACCAGCTCGAC	376
hft_w21_p5_r2_CATCCACGTTCAGACT	256
hft_w21_p5_r2_CATCCACTCATAACCG	38
hft_w21_p5_r2_CATCCACTCTATGTGG	142
hft_w21_p5_r2_CATCGAAAGAAACCTA	140
hft_w21_p5_r2_CATCGAACACCTCGGA	102
hft_w21_p5_r2_CATCGAACAGCATGAG	272
hft_w21_p5_r2_CATCGAAGTTCGTGAT	211
hft_w21_p5_r2_CATCGAATCGCACTCT	75
hft_w21_p5_r2_CATCGAATCGCGGATC	130
hft_w21_p5_r2_CATCGGGCAGCTTAAC	178
hft_w21_p5_r2_CATCGGGTCGGAGCAA	139
hft_w21_p5_r2_CATGACAAGAAACCGC	140
hft_w21_p5_r2_CATGACAAGCTACCGC	376
hft_w21_p5_r2_CATGACACAGCCAATT	259
hft_w21_p5_r2_CATGACACATCCTTGC	58
hft_w21_p5_r2_CATGACATCCGGCACA	68
hft_w21_p5_r2_CATGCCTAGAACAACT	10
hft_w21_p5_r2_CATGCCTAGACTAAGT	274
hft_w21_p5_r2_CATGCCTAGCCATCGC	82
hft_w21_p5_r2_CATGCCTCAACACCCG	42
hft_w21_p5_r2_CATGCCTCAGTCAGAG	265
hft_w21_p5_r2_CATGGCGAGTTTGCGT	256
hft_w21_p5_r2_CATGGCGCAGGAACGT	211
hft_w21_p5_r2_CATGGCGCAGTTCCCT	199
hft_w21_p5_r2_CATGGCGGTGGCCCTA	80
hft_w21_p5_r2_CATGGCGGTGTAAGTA	172
hft_w21_p5_r2_CATGGCGTCATACGGT	230
hft_w21_p5_r2_CATTATCAGACTTTCG	131
hft_w21_p5_r2_CATTATCGTGACGGTA	250
hft_w21_p5_r2_CATTATCGTTTCCACC	17
hft_w21_p5_r2_CATTATCTCGCGCCAA	176
hft_w21_p5_r2_CATTATCTCTGCCCTA	259
hft_w21_p5_r2_CATTCGCAGCGATTCT	36
hft_w21_p5_r2_CATTCGCAGTGATCGG	133
hft_w21_p5_r2_CATTCGCCAAGCGAGT	140
hft_w21_p5_r2_CATTCGCGTGTGTGCC	82
hft_w21_p5_r2_CATTCGCGTTCAGGCC	108
hft_w21_p5_r2_CATTCGCTCAGCTCTC	274
hft_w21_p5_r2_CATTCGCTCCCGACTT	70
hft_w21_p5_r2_CATTCGCTCGTAGATC	12
hft_w21_p5_r2_CATTCGCTCTCTGAGA	142
hft_w21_p5_r2_CCAATCCAGTAAGTAC	17
hft_w21_p5_r2_CCAATCCAGTTAGGTA	259
hft_w21_p5_r2_CCAATCCGTACTCGCG	110
hft_w21_p5_r2_CCACCTAAGACCTAGG	342
hft_w21_p5_r2_CCACCTAAGTGAATTG	256
hft_w21_p5_r2_CCACCTACAAGACACG	67
hft_w21_p5_r2_CCACCTATCTAACTTC	380
hft_w21_p5_r2_CCACGGAAGACAAAGG	184
hft_w21_p5_r2_CCACGGAAGACTGTAA	227
hft_w21_p5_r2_CCACGGAAGATGCGAC	315
hft_w21_p5_r2_CCACGGACATCGATTG	277
hft_w21_p5_r2_CCACGGACATTCGACA	234
hft_w21_p5_r2_CCACGGATCCCAACGG	250
hft_w21_p5_r2_CCACGGATCCTTGACC	326
hft_w21_p5_r2_CCACGGATCGTAGGAG	363
hft_w21_p5_r2_CCACTACAGAGGTAGA	245
hft_w21_p5_r2_CCACTACAGATCCCGC	245
hft_w21_p5_r2_CCACTACAGCGTTGCC	163
hft_w21_p5_r2_CCACTACAGGCTATCT	53
hft_w21_p5_r2_CCACTACGTCATGCAT	225
hft_w21_p5_r2_CCACTACGTCGCATAT	90
hft_w21_p5_r2_CCACTACGTGACAAAT	270
hft_w21_p5_r2_CCACTACGTTATGTGC	351
hft_w21_p5_r2_CCACTACTCCAGTATG	241
hft_w21_p5_r2_CCACTACTCCTCAATT	140
hft_w21_p5_r2_CCAGCGACACTGTTAG	70
hft_w21_p5_r2_CCAGCGACATCGTCGG	259
hft_w21_p5_r2_CCAGCGACATTGGCGC	270
hft_w21_p5_r2_CCAGCGAGTCTGGTCG	280
hft_w21_p5_r2_CCAGCGATCCATGCTC	199
hft_w21_p5_r2_CCATGTCAGTCCGGTC	245
hft_w21_p5_r2_CCATGTCCAGATGGGT	142
hft_w21_p5_r2_CCATGTCGTCGGCTCA	38
hft_w21_p5_r2_CCATTCGCAGCTGGCT	2
hft_w21_p5_r2_CCATTCGGTACGCACC	94
hft_w21_p5_r2_CCATTCGGTATTCTCT	39
hft_w21_p5_r2_CCATTCGGTGTAATGA	318
hft_w21_p5_r2_CCCAATCCATCCTTGC	292
hft_w21_p5_r2_CCCAATCCATCGTCGG	154
hft_w21_p5_r2_CCCAATCCATGGAATA	376
hft_w21_p5_r2_CCCAATCCATTGGGCC	398
hft_w21_p5_r2_CCCAGTTAGATCTGAA	2
hft_w21_p5_r2_CCCAGTTCATTTGCTT	84
hft_w21_p5_r2_CCCAGTTTCCGTCATC	58
hft_w21_p5_r2_CCCAGTTTCCTTTACA	100
hft_w21_p5_r2_CCCATACGTACAGTTC	42
hft_w21_p5_r2_CCCATACGTGATGATA	83
hft_w21_p5_r2_CCCATACGTGCGGTAA	293
hft_w21_p5_r2_CCCTCCTAGCTCCTCT	268
hft_w21_p5_r2_CCCTCCTCACATGGGA	131
hft_w21_p5_r2_CCCTCCTCATGTAAGA	38
hft_w21_p5_r2_CCCTCCTCATTCCTGC	75
hft_w21_p5_r2_CCCTCCTGTTATTCTC	222
hft_w21_p5_r2_CCCTCCTGTTTGTTTC	11
hft_w21_p5_r2_CCGGGATTCAACCATG	174
hft_w21_p5_r2_CCGGGATTCGACCAGC	223
hft_w21_p5_r2_CCGGGATTCTTGTTTG	98
hft_w21_p5_r2_CCGGTAGAGCCAACAG	73
hft_w21_p5_r2_CCGGTAGCATCGTCGG	144
hft_w21_p5_r2_CCGGTAGGTTATCCGA	283
hft_w21_p5_r2_CCGGTAGTCATCTGTT	164
hft_w21_p5_r2_CCGTACTAGTGTACGG	202
hft_w21_p5_r2_CCGTACTCACGCGAAA	274
hft_w21_p5_r2_CCGTACTCAGCTGTGC	270
hft_w21_p5_r2_CCGTACTTCACATGCA	42
hft_w21_p5_r2_CCGTGGAAGAGGTACC	274
hft_w21_p5_r2_CCGTGGACACGTCAGC	297
hft_w21_p5_r2_CCGTGGACAGGTCGTC	148
hft_w21_p5_r2_CCGTGGACATTGCGGC	6
hft_w21_p5_r2_CCGTGGATCATGCTCC	313
hft_w21_p5_r2_CCGTGGATCGGCTACG	346
hft_w21_p5_r2_CCGTGGATCGGCTTGG	311
hft_w21_p5_r2_CCGTGGATCTGCGACG	256
hft_w21_p5_r2_CCGTTCACAAGACACG	57
hft_w21_p5_r2_CCGTTCACATGGGACA	259
hft_w21_p5_r2_CCGTTCAGTCAATACC	224
hft_w21_p5_r2_CCGTTCAGTGAAATCA	245
hft_w21_p5_r2_CCGTTCAGTGTTAAGA	122
hft_w21_p5_r2_CCGTTCATCGCGCCAA	363
hft_w21_p5_r2_CCTAAAGAGAACAACT	133
hft_w21_p5_r2_CCTAAAGAGATAGGAG	337
hft_w21_p5_r2_CCTAAAGAGATATGCA	90
hft_w21_p5_r2_CCTACACAGCTAGTCT	256
hft_w21_p5_r2_CCTACACCATTCCTCG	270
hft_w21_p5_r2_CCTACACGTGCCTTGG	292
hft_w21_p5_r2_CCTACACTCATCTGCC	120
hft_w21_p5_r2_CCTACACTCATCTGTT	245
hft_w21_p5_r2_CCTACACTCTCTGAGA	305
hft_w21_p5_r2_CCTACCACAATAAGCA	172
hft_w21_p5_r2_CCTACCACACACAGAG	139
hft_w21_p5_r2_CCTACCACACAGTCGC	338
hft_w21_p5_r2_CCTACCACAGGATCGA	227
hft_w21_p5_r2_CCTACCAGTCTGCAAT	341
hft_w21_p5_r2_CCTACCAGTTACCAGT	370
hft_w21_p5_r2_CCTACCAGTTCCAACA	131
hft_w21_p5_r2_CCTACCATCTCTGCTG	283
hft_w21_p5_r2_CCTAGCTAGATACACA	151
hft_w21_p5_r2_CCTAGCTAGTGTTTGC	21
hft_w21_p5_r2_CCTAGCTCAGCAGTTT	248
hft_w21_p5_r2_CCTAGCTTCCAAGCCG	31
hft_w21_p5_r2_CCTAGCTTCTTCATGT	15
hft_w21_p5_r2_CCTATTAAGACTTTCG	145
hft_w21_p5_r2_CCTATTACATCCAACA	130
hft_w21_p5_r2_CCTATTAGTCGACTGC	274
hft_w21_p5_r2_CCTATTATCGGTCTAA	284
hft_w21_p5_r2_CCTATTATCTGGTGTA	72
hft_w21_p5_r2_CCTCAGTAGATAGTCA	133
hft_w21_p5_r2_CCTCAGTAGGTTACCT	280
hft_w21_p5_r2_CCTCAGTGTTTACTCT	108
hft_w21_p5_r2_CCTCAGTTCGGAGGTA	352
hft_w21_p5_r2_CCTCTGAAGCTCCTTC	322
hft_w21_p5_r2_CCTCTGAAGTCGCCGT	234
hft_w21_p5_r2_CCTCTGACACATTTCT	173
hft_w21_p5_r2_CCTCTGAGTCTACCTC	178
hft_w21_p5_r2_CCTTACGCAATGGAAT	233
hft_w21_p5_r2_CCTTACGCACCTCGGA	2
hft_w21_p5_r2_CCTTACGCAGTTTACG	272
hft_w21_p5_r2_CCTTACGGTCCCTACT	213
hft_w21_p5_r2_CCTTACGGTGGGTCAA	346
hft_w21_p5_r2_CCTTACGTCCTACAGA	370
hft_w21_p5_r2_CCTTCCCAGAGTTGGC	19
hft_w21_p5_r2_CCTTCCCAGCGAAGGG	183
hft_w21_p5_r2_CCTTCCCAGTTAGCGG	196
hft_w21_p5_r2_CCTTCCCCAGGCTGAA	227
hft_w21_p5_r2_CCTTCCCTCCAACCAA	102
hft_w21_p5_r2_CCTTCGACAACGATGG	29
hft_w21_p5_r2_CCTTCGACAATGGACG	144
hft_w21_p5_r2_CCTTCGATCACAATGC	178
hft_w21_p5_r2_CCTTTCTCACACAGAG	321
hft_w21_p5_r2_CCTTTCTCACACCGAC	111
hft_w21_p5_r2_CCTTTCTCAGTGGAGT	94
hft_w21_p5_r2_CGAACATCACATTTCT	232
hft_w21_p5_r2_CGAACATGTCCGAATT	248
hft_w21_p5_r2_CGAACATGTCCGTTAA	354
hft_w21_p5_r2_CGAACATTCACCTTAT	294
hft_w21_p5_r2_CGAACATTCATAGCAC	185
hft_w21_p5_r2_CGAACATTCCACGTTC	58
hft_w21_p5_r2_CGAACATTCCGCGTTT	144
hft_w21_p5_r2_CGAATGTTCACAAACC	380
hft_w21_p5_r2_CGAATGTTCATGCATG	336
hft_w21_p5_r2_CGAATGTTCGCCTGTT	97
hft_w21_p5_r2_CGACCTTGTAAGCACG	7
hft_w21_p5_r2_CGACCTTGTGGACGAT	342
hft_w21_p5_r2_CGACTTCAGGAGCGAG	75
hft_w21_p5_r2_CGACTTCTCCTCGCAT	140
hft_w21_p5_r2_CGACTTCTCTCTGCTG	294
hft_w21_p5_r2_CGAGAAGAGTCGATAA	336
hft_w21_p5_r2_CGAGAAGCACCACCAG	90
hft_w21_p5_r2_CGAGAAGGTAATAGCA	320
hft_w21_p5_r2_CGAGAAGGTAGCGCAA	364
hft_w21_p5_r2_CGAGAAGGTGCATCTA	233
hft_w21_p5_r2_CGAGCACAGCGATCCC	370
hft_w21_p5_r2_CGAGCACAGTGAATTG	176
hft_w21_p5_r2_CGAGCACAGTGGAGAA	308
hft_w21_p5_r2_CGAGCACCAAGAAAGG	111
hft_w21_p5_r2_CGAGCACCAATCTACG	381
hft_w21_p5_r2_CGAGCACCACAACGTT	31
hft_w21_p5_r2_CGAGCACGTAAACACA	80
hft_w21_p5_r2_CGAGCCAAGAGATGAG	283
hft_w21_p5_r2_CGAGCCAAGATTACCC	283
hft_w21_p5_r2_CGAGCCAAGCAGGCTA	189
hft_w21_p5_r2_CGAGCCAAGCCCAGCT	205
hft_w21_p5_r2_CGAGCCAAGCGATAGC	259
hft_w21_p5_r2_CGAGCCAAGTCCGGTC	363
hft_w21_p5_r2_CGAGCCACACGGCCAT	227
hft_w21_p5_r2_CGAGCCACAGTAAGAT	376
hft_w21_p5_r2_CGAGCCAGTATTCTCT	311
hft_w21_p5_r2_CGAGCCATCCGTAGTA	142
hft_w21_p5_r2_CGAGCCATCCTGTACC	130
hft_w21_p5_r2_CGATCGGAGCTGAACG	318
hft_w21_p5_r2_CGATGGCAGAACTGTA	321
hft_w21_p5_r2_CGATGGCCATTGGCGC	76
hft_w21_p5_r2_CGATGGCTCTAACTCT	336
hft_w21_p5_r2_CGATGGCTCTTGCCGT	294
hft_w21_p5_r2_CGATGTAAGCCAGGAT	38
hft_w21_p5_r2_CGATGTAAGGCTCTTA	110
hft_w21_p5_r2_CGATGTACAATCACAC	75
hft_w21_p5_r2_CGATGTAGTGATGCCC	92
hft_w21_p5_r2_CGATGTATCACCAGGC	17
hft_w21_p5_r2_CGATTGACACTAGTAC	245
hft_w21_p5_r2_CGATTGAGTCAGAAGC	98
hft_w21_p5_r2_CGATTGAGTCTCTTAT	385
hft_w21_p5_r2_CGATTGATCACGCATA	98
hft_w21_p5_r2_CGATTGATCTCCTATA	380
hft_w21_p5_r2_CGCCAAGTCAGTACGT	394
hft_w21_p5_r2_CGCGGTAGTGCCTTGG	110
hft_w21_p5_r2_CGCGGTATCGGAAACG	25
hft_w21_p5_r2_CGCGGTATCGTTGACA	194
hft_w21_p5_r2_CGCGTTTAGATATGCA	294
hft_w21_p5_r2_CGCGTTTAGGCGATAC	86
hft_w21_p5_r2_CGCGTTTAGGGTATCG	178
hft_w21_p5_r2_CGCTATCAGTCTCGGC	133
hft_w21_p5_r2_CGCTATCAGTTTGCGT	133
hft_w21_p5_r2_CGCTATCCACAGACTT	238
hft_w21_p5_r2_CGCTATCGTACAGTTC	308
hft_w21_p5_r2_CGCTATCTCACTATTC	145
hft_w21_p5_r2_CGCTGGAAGTTGAGAT	243
hft_w21_p5_r2_CGCTGGATCAGCATGT	256
hft_w21_p5_r2_CGCTGGATCCTACAGA	1
hft_w21_p5_r2_CGCTTCAAGAGTTGGC	336
hft_w21_p5_r2_CGCTTCAAGATCCGAG	256
hft_w21_p5_r2_CGCTTCAAGCAGACTG	336
hft_w21_p5_r2_CGCTTCACATCGATTG	308
hft_w21_p5_r2_CGCTTCAGTCAGATAA	311
hft_w21_p5_r2_CGCTTCAGTCTCTCTG	19
hft_w21_p5_r2_CGCTTCAGTGTTCGAT	288
hft_w21_p5_r2_CGCTTCAGTTCATGGT	370
hft_w21_p5_r2_CGGACACAGTCGTTTG	152
hft_w21_p5_r2_CGGACACCAATGGTCT	98
hft_w21_p5_r2_CGGACACGTGGGTATG	76
hft_w21_p5_r2_CGGACACGTTCGAATC	145
hft_w21_p5_r2_CGGACACTCAATCTCT	367
hft_w21_p5_r2_CGGACACTCTGAGGGA	375
hft_w21_p5_r2_CGGACGTCAGCTCGCA	371
hft_w21_p5_r2_CGGACGTGTCAACATC	95
hft_w21_p5_r2_CGGACGTGTGAGGGTT	318
hft_w21_p5_r2_CGGACGTTCAAACAAG	108
hft_w21_p5_r2_CGGACTGAGTCCAGGA	358
hft_w21_p5_r2_CGGACTGCAACACCCG	277
hft_w21_p5_r2_CGGACTGCACCAGCAC	370
hft_w21_p5_r2_CGGAGCTAGATAGGAG	305
hft_w21_p5_r2_CGGAGCTCATCTCCCA	336
hft_w21_p5_r2_CGGAGCTGTCTGCGGT	256
hft_w21_p5_r2_CGGAGCTGTTCCCTTG	181
hft_w21_p5_r2_CGGAGCTTCACGATGT	337
hft_w21_p5_r2_CGGAGCTTCCGTTGTC	134
hft_w21_p5_r2_CGGAGTCAGCTCCTCT	189
hft_w21_p5_r2_CGGAGTCAGCTGGAAC	370
hft_w21_p5_r2_CGGAGTCAGTCTCAAC	110
hft_w21_p5_r2_CGGAGTCTCGGTTAAC	173
hft_w21_p5_r2_CGGCTAGAGTGACATA	76
hft_w21_p5_r2_CGGCTAGCAGACTCGC	1
hft_w21_p5_r2_CGGCTAGCATTGGCGC	108
hft_w21_p5_r2_CGGCTAGGTAGCGCTC	84
hft_w21_p5_r2_CGGCTAGTCACTTCAT	120
hft_w21_p5_r2_CGGCTAGTCGCCTGAG	383
hft_w21_p5_r2_CGGGTCAGTCTGATTG	17
hft_w21_p5_r2_CGGGTCAGTTTGTTGG	19
hft_w21_p5_r2_CGGTTAAAGACTCGGA	337
hft_w21_p5_r2_CGGTTAACAGCTGTTA	334
hft_w21_p5_r2_CGGTTAAGTGAAATCA	296
hft_w21_p5_r2_CGGTTAATCGTTTATC	176
hft_w21_p5_r2_CGTAGCGAGACTGGGT	134
hft_w21_p5_r2_CGTAGCGAGCTGTCTA	130
hft_w21_p5_r2_CGTAGCGAGTGGTAGC	270
hft_w21_p5_r2_CGTAGCGGTAAGGATT	320
hft_w21_p5_r2_CGTAGCGGTTACAGAA	145
hft_w21_p5_r2_CGTAGCGTCTGGGCCA	175
hft_w21_p5_r2_CGTAGGCCACGAGGTA	159
hft_w21_p5_r2_CGTCACTAGATAGTCA	363
hft_w21_p5_r2_CGTCACTAGGGTGTTG	3
hft_w21_p5_r2_CGTCACTGTGGTACAG	347
hft_w21_p5_r2_CGTCACTTCACAAACC	215
hft_w21_p5_r2_CGTCACTTCGGTTAAC	173
hft_w21_p5_r2_CGTCAGGAGAAACGCC	19
hft_w21_p5_r2_CGTCAGGAGTACGCCC	8
hft_w21_p5_r2_CGTCAGGCACCACCAG	144
hft_w21_p5_r2_CGTCCATAGATGTTAG	267
hft_w21_p5_r2_CGTCCATCAACTGCGC	342
hft_w21_p5_r2_CGTCCATCAGTCGTGC	227
hft_w21_p5_r2_CGTCTACAGACATAAC	225
hft_w21_p5_r2_CGTCTACTCCTTGGTC	321
hft_w21_p5_r2_CGTCTACTCGCTTGTC	250
hft_w21_p5_r2_CGTGAGCAGGAGTAGA	133
hft_w21_p5_r2_CGTGAGCAGTCAAGGC	165
hft_w21_p5_r2_CGTGAGCCATCGACGC	363
hft_w21_p5_r2_CGTGAGCGTGCGCTTG	15
hft_w21_p5_r2_CGTGTAAAGGACTGGT	183
hft_w21_p5_r2_CGTGTAAGTGAAAGAG	71
hft_w21_p5_r2_CGTGTCTAGGCTCATT	38
hft_w21_p5_r2_CGTGTCTGTCGTCTTC	225
hft_w21_p5_r2_CGTTAGAAGTCAATAG	314
hft_w21_p5_r2_CGTTAGACACAGATTC	336
hft_w21_p5_r2_CGTTAGAGTGCAGGTA	139
hft_w21_p5_r2_CGTTCTGCAGTAAGAT	330
hft_w21_p5_r2_CGTTCTGGTAGCGCTC	256
hft_w21_p5_r2_CGTTCTGGTGATAAAC	342
hft_w21_p5_r2_CGTTCTGGTTGGTTTG	114
hft_w21_p5_r2_CGTTCTGTCTTATCTG	70
hft_w21_p5_r2_CGTTGGGGTAAATACG	18
hft_w21_p5_r2_CGTTGGGGTCTAGGTT	174
hft_w21_p5_r2_CGTTGGGGTGGACGAT	24
hft_w21_p5_r2_CGTTGGGGTTCCACAA	54
hft_w21_p5_r2_CTAACTTAGCTCCCAG	380
hft_w21_p5_r2_CTAACTTAGGATCGCA	256
hft_w21_p5_r2_CTAACTTAGGTGCAAC	144
hft_w21_p5_r2_CTAACTTGTTGTCGCG	110
hft_w21_p5_r2_CTAACTTTCCATGAGT	259
hft_w21_p5_r2_CTAAGACAGCTCCTTC	30
hft_w21_p5_r2_CTAAGACCAAGTCATC	176
hft_w21_p5_r2_CTAAGACCAAGTTAAG	259
hft_w21_p5_r2_CTAAGACCAGGCTGAA	363
hft_w21_p5_r2_CTAAGACCATCAGTAC	108
hft_w21_p5_r2_CTAAGACGTTATGTGC	48
hft_w21_p5_r2_CTAAGACTCACTCTTA	3
hft_w21_p5_r2_CTAAGACTCAGAAATG	349
hft_w21_p5_r2_CTAAGACTCCTACAGA	297
hft_w21_p5_r2_CTAAGACTCTGGTGTA	286
hft_w21_p5_r2_CTAATGGAGCGTTCCG	399
hft_w21_p5_r2_CTAATGGAGCTAGGCA	336
hft_w21_p5_r2_CTAATGGAGTTCCACA	72
hft_w21_p5_r2_CTAATGGGTACAGACG	172
hft_w21_p5_r2_CTAATGGGTCAAAGCG	11
hft_w21_p5_r2_CTAATGGGTCCATGAT	19
hft_w21_p5_r2_CTAATGGTCAGGCGAA	311
hft_w21_p5_r2_CTAATGGTCGACCAGC	211
hft_w21_p5_r2_CTAATGGTCTCATTCA	234
hft_w21_p5_r2_CTACACCAGATATACG	82
hft_w21_p5_r2_CTACACCAGATGCCAG	142
hft_w21_p5_r2_CTACACCAGATGGCGT	328
hft_w21_p5_r2_CTACACCAGCTAACAA	262
hft_w21_p5_r2_CTACACCCAGGCTGAA	216
hft_w21_p5_r2_CTACACCTCACGAAGG	190
hft_w21_p5_r2_CTACATTCACGACTCG	94
hft_w21_p5_r2_CTACATTCAGGTGGAT	311
hft_w21_p5_r2_CTACATTCATACAGCT	165
hft_w21_p5_r2_CTACATTGTAGAGCTG	225
hft_w21_p5_r2_CTACATTGTGCACGAA	144
hft_w21_p5_r2_CTACATTTCACAAACC	15
hft_w21_p5_r2_CTACATTTCCCGACTT	10
hft_w21_p5_r2_CTACATTTCCTGCCAT	294
hft_w21_p5_r2_CTACCCAAGCTTATCG	4
hft_w21_p5_r2_CTACCCAAGTACGACG	311
hft_w21_p5_r2_CTACCCACAGGAATCG	142
hft_w21_p5_r2_CTACCCATCGGAAATA	384
hft_w21_p5_r2_CTACGTCAGGGATACC	264
hft_w21_p5_r2_CTACGTCCACATTCGA	333
hft_w21_p5_r2_CTACGTCCATTCTTAC	52
hft_w21_p5_r2_CTACGTCGTACCTACA	311
hft_w21_p5_r2_CTACGTCTCACGCATA	130
hft_w21_p5_r2_CTAGAGTAGAAGGACA	234
hft_w21_p5_r2_CTAGAGTAGATAGCAT	15
hft_w21_p5_r2_CTAGAGTAGCACAGGT	76
hft_w21_p5_r2_CTAGAGTCAAATACAG	292
hft_w21_p5_r2_CTAGAGTCAACTGCTA	15
hft_w21_p5_r2_CTAGAGTTCCAGAAGG	108
hft_w21_p5_r2_CTAGAGTTCGATGAGG	60
hft_w21_p5_r2_CTAGCCTCAACTGGCC	206
hft_w21_p5_r2_CTAGCCTGTGCATCTA	34
hft_w21_p5_r2_CTAGCCTGTGGGTATG	334
hft_w21_p5_r2_CTAGTGACAAAGGCGT	364
hft_w21_p5_r2_CTAGTGAGTACTTAGC	225
hft_w21_p5_r2_CTAGTGAGTGGTCTCG	396
hft_w21_p5_r2_CTAGTGAGTGTTGAGG	382
hft_w21_p5_r2_CTAGTGATCAATCTCT	15
hft_w21_p5_r2_CTAGTGATCTATCCTA	396
hft_w21_p5_r2_CTCACACCACTGTGTA	278
hft_w21_p5_r2_CTCACACCATACGCTA	273
hft_w21_p5_r2_CTCACACCATATGCTG	352
hft_w21_p5_r2_CTCACACGTCATGCAT	10
hft_w21_p5_r2_CTCACACGTTCACCTC	326
hft_w21_p5_r2_CTCACACGTTTGGGCC	125
hft_w21_p5_r2_CTCACACTCGCAAACT	173
hft_w21_p5_r2_CTCAGAAAGAAGATTC	270
hft_w21_p5_r2_CTCAGAAAGAGTCGGT	176
hft_w21_p5_r2_CTCAGAAAGTTGCAGG	111
hft_w21_p5_r2_CTCAGAAGTTAGGGTG	398
hft_w21_p5_r2_CTCAGAATCCTATTCA	142
hft_w21_p5_r2_CTCATTAAGGGCTTCC	227
hft_w21_p5_r2_CTCATTAAGTAGGCCA	110
hft_w21_p5_r2_CTCATTAGTCTCCACT	376
hft_w21_p5_r2_CTCATTAGTTAAGGGC	324
hft_w21_p5_r2_CTCCTAGCACTAGTAC	308
hft_w21_p5_r2_CTCCTAGGTCCCGACA	82
hft_w21_p5_r2_CTCCTAGGTGTTGAGG	60
hft_w21_p5_r2_CTCGAAAAGTGCAAGC	3
hft_w21_p5_r2_CTCGAAACAAAGTCAA	224
hft_w21_p5_r2_CTCGAAACATCCGTGG	174
hft_w21_p5_r2_CTCGAGGAGGCTACGA	394
hft_w21_p5_r2_CTCGAGGAGTTACGGG	182
hft_w21_p5_r2_CTCGAGGAGTTCGCAT	42
hft_w21_p5_r2_CTCGAGGCACAACTGT	272
hft_w21_p5_r2_CTCGAGGCAGGAATGC	133
hft_w21_p5_r2_CTCGAGGCATGCCACG	110
hft_w21_p5_r2_CTCGAGGGTAATCACC	36
hft_w21_p5_r2_CTCGAGGTCGAGGTAG	366
hft_w21_p5_r2_CTCGGAGAGGATGGAA	133
hft_w21_p5_r2_CTCGGAGGTACTTCTT	84
hft_w21_p5_r2_CTCGGAGGTCCAGTAT	244
hft_w21_p5_r2_CTCGGAGTCTTGTCAT	280
hft_w21_p5_r2_CTCGGGAAGATGTCGG	9
hft_w21_p5_r2_CTCGGGAAGGTCGGAT	133
hft_w21_p5_r2_CTCGGGACACGTCTCT	183
hft_w21_p5_r2_CTCGGGAGTATATGGA	34
hft_w21_p5_r2_CTCGGGATCAGTGCAT	61
hft_w21_p5_r2_CTCGTACAGCTCCTTC	58
hft_w21_p5_r2_CTCGTACAGGCTAGAC	82
hft_w21_p5_r2_CTCGTACTCCGTACAA	234
hft_w21_p5_r2_CTCGTACTCCGTTGTC	82
hft_w21_p5_r2_CTCGTACTCGTGGGAA	79
hft_w21_p5_r2_CTCGTCAAGGATGTAT	278
hft_w21_p5_r2_CTCGTCACATCAGTAC	83
hft_w21_p5_r2_CTCGTCACATGGAATA	140
hft_w21_p5_r2_CTCGTCAGTGCTCTTC	292
hft_w21_p5_r2_CTCGTCATCAACCATG	321
hft_w21_p5_r2_CTCGTCATCTATCCTA	190
hft_w21_p5_r2_CTCTAATCAGGGATTG	316
hft_w21_p5_r2_CTCTAATTCGTTTAGG	248
hft_w21_p5_r2_CTCTAATTCTGAAAGA	73
hft_w21_p5_r2_CTCTACGAGAGCCTAG	84
hft_w21_p5_r2_CTCTACGCACTATCTT	144
hft_w21_p5_r2_CTCTACGGTAAACACA	336
hft_w21_p5_r2_CTCTGGTAGCCTTGAT	94
hft_w21_p5_r2_CTCTGGTAGGGAAACA	54
hft_w21_p5_r2_CTCTGGTGTCAGCTAT	273
hft_w21_p5_r2_CTCTGGTGTCGGCACT	144
hft_w21_p5_r2_CTGAAACCACAGTCGC	201
hft_w21_p5_r2_CTGAAACCACCTCGGA	166
hft_w21_p5_r2_CTGAAACCAGCTATTG	368
hft_w21_p5_r2_CTGAAACTCTTCCTTC	376
hft_w21_p5_r2_CTGAAACTCTTCGGTC	11
hft_w21_p5_r2_CTGAAGTGTACATCCA	396
hft_w21_p5_r2_CTGATAGAGATGAGAG	155
hft_w21_p5_r2_CTGATAGCAAACGCGA	151
hft_w21_p5_r2_CTGATAGGTACATGTC	321
hft_w21_p5_r2_CTGATAGGTTATGCGT	227
hft_w21_p5_r2_CTGATAGTCCCGACTT	259
hft_w21_p5_r2_CTGATAGTCGCAGGCT	396
hft_w21_p5_r2_CTGATAGTCGTGACAT	280
hft_w21_p5_r2_CTGATCCAGCAGATCG	280
hft_w21_p5_r2_CTGATCCGTCTGGTCG	323
hft_w21_p5_r2_CTGCCTAAGAATTGTG	133
hft_w21_p5_r2_CTGCCTAAGGCTAGCA	306
hft_w21_p5_r2_CTGCCTACATACTCTT	42
hft_w21_p5_r2_CTGCCTAGTTGTGGCC	275
hft_w21_p5_r2_CTGCCTATCCAGATCA	34
hft_w21_p5_r2_CTGCGGACACATCCAA	35
hft_w21_p5_r2_CTGCGGAGTCTTCTCG	108
hft_w21_p5_r2_CTGCGGAGTGTATGGG	183
hft_w21_p5_r2_CTGCGGATCAACACCA	133
hft_w21_p5_r2_CTGCTGTAGTGATCGG	202
hft_w21_p5_r2_CTGGTCTCACCCAGTG	30
hft_w21_p5_r2_CTGGTCTCAGTCGATT	329
hft_w21_p5_r2_CTGTGCTAGGGATGGG	258
hft_w21_p5_r2_CTGTGCTTCGCTTGTC	396
hft_w21_p5_r2_CTGTGCTTCGTACCGG	337
hft_w21_p5_r2_CTGTTTAAGCCAGGAT	140
hft_w21_p5_r2_CTGTTTAAGTACGTTC	110
hft_w21_p5_r2_CTGTTTAGTTCATGGT	144
hft_w21_p5_r2_CTGTTTAGTTGCGTTA	195
hft_w21_p5_r2_CTGTTTATCTAACGGT	177
hft_w21_p5_r2_CTTAACTAGATAGCAT	136
hft_w21_p5_r2_CTTAACTAGTTACGGG	97
hft_w21_p5_r2_CTTAACTCAATGGACG	60
hft_w21_p5_r2_CTTAACTCACTCAGGC	19
hft_w21_p5_r2_CTTAACTCACTCTGTC	38
hft_w21_p5_r2_CTTACCGAGATATACG	225
hft_w21_p5_r2_CTTACCGAGTTCGCAT	176
hft_w21_p5_r2_CTTACCGCACATCCGG	61
hft_w21_p5_r2_CTTACCGGTTAAAGTG	2
hft_w21_p5_r2_CTTACCGTCACTCTTA	111
hft_w21_p5_r2_CTTACCGTCAGGATCT	102
hft_w21_p5_r2_CTTACCGTCATAAAGG	225
hft_w21_p5_r2_CTTAGGAAGTAACCCT	274
hft_w21_p5_r2_CTTAGGACACAACGTT	31
hft_w21_p5_r2_CTTAGGAGTCTTGTCC	15
hft_w21_p5_r2_CTTAGGATCGAGAACG	98
hft_w21_p5_r2_CTTAGGATCTATCGCC	374
hft_w21_p5_r2_CTTAGGATCTCTGAGA	355
hft_w21_p5_r2_CTTCTCTAGTCATCCA	51
hft_w21_p5_r2_CTTCTCTAGTCGAGTG	337
hft_w21_p5_r2_CTTCTCTTCCCACTTG	19
hft_w21_p5_r2_CTTCTCTTCTGCAGTA	351
hft_w21_p5_r2_CTTGGCTGTCCTAGCG	140
hft_w21_p5_r2_CTTGGCTTCGGAAATA	73
hft_w21_p5_r2_CTTTGCGAGACTCGGA	42
hft_w21_p5_r2_CTTTGCGGTAAGTGTA	79
hft_w21_p5_r2_CTTTGCGGTTGCTCCT	0
hft_w21_p5_r2_GAAACTCAGACACTAA	176
hft_w21_p5_r2_GAAACTCAGTGGGATC	358
hft_w21_p5_r2_GAAACTCGTTCGTGAT	84
hft_w21_p5_r2_GAACATCAGCCACCTG	140
hft_w21_p5_r2_GAACATCAGCCGCCTA	271
hft_w21_p5_r2_GAACATCGTCAGGACA	380
hft_w21_p5_r2_GAACATCTCTCAACTT	19
hft_w21_p5_r2_GAACATCTCTGTCTCG	84
hft_w21_p5_r2_GAACCTAAGCGCTTAT	165
hft_w21_p5_r2_GAACCTACAAGGACTG	321
hft_w21_p5_r2_GAACCTACACATCTTT	58
hft_w21_p5_r2_GAACCTACACCACGTG	2
hft_w21_p5_r2_GAACGGACACGACGAA	52
hft_w21_p5_r2_GAACGGACAGCCTTTC	2
hft_w21_p5_r2_GAACGGACAGCTATTG	108
hft_w21_p5_r2_GAACGGATCACGATGT	34
hft_w21_p5_r2_GAAGCAGCAAAGAATC	270
hft_w21_p5_r2_GAAGCAGCATTCCTCG	98
hft_w21_p5_r2_GAAGCAGGTCAGATAA	65
hft_w21_p5_r2_GAAGCAGGTTGTGGAG	132
hft_w21_p5_r2_GAATAAGAGACAGACC	309
hft_w21_p5_r2_GAATAAGAGAGACTAT	151
hft_w21_p5_r2_GAATAAGAGTACCGGA	178
hft_w21_p5_r2_GAATAAGAGTGTTAGA	176
hft_w21_p5_r2_GAATAAGCAATCTGCA	334
hft_w21_p5_r2_GAATAAGCAGACGCTC	11
hft_w21_p5_r2_GAATAAGGTCACAAGG	176
hft_w21_p5_r2_GAATAAGGTGTCTGAT	295
hft_w21_p5_r2_GAATAAGTCCGCATAA	15
hft_w21_p5_r2_GAATGAAAGACAATAC	15
hft_w21_p5_r2_GAATGAAAGCAGACTG	225
hft_w21_p5_r2_GAATGAAAGTGGACGT	294
hft_w21_p5_r2_GAATGAACATCCCATC	61
hft_w21_p5_r2_GAATGAAGTAAAGTCA	296
hft_w21_p5_r2_GAATGAAGTACGCACC	363
hft_w21_p5_r2_GAATGAATCTGTCTCG	326
hft_w21_p5_r2_GACACGCCAAGCCGTC	290
hft_w21_p5_r2_GACACGCGTTAGTGGG	225
hft_w21_p5_r2_GACACGCTCAATACCG	15
hft_w21_p5_r2_GACACGCTCATCTGCC	142
hft_w21_p5_r2_GACAGAGAGCATCATC	321
hft_w21_p5_r2_GACAGAGCAAGTAATG	176
hft_w21_p5_r2_GACAGAGCACATTAGC	308
hft_w21_p5_r2_GACAGAGCACCGTTGG	79
hft_w21_p5_r2_GACAGAGCAGCAGTTT	286
hft_w21_p5_r2_GACAGAGGTATAGTAG	292
hft_w21_p5_r2_GACAGAGGTGTTCGAT	362
hft_w21_p5_r2_GACAGAGTCCACGTGG	70
hft_w21_p5_r2_GACAGAGTCCATGAAC	176
hft_w21_p5_r2_GACCAATCAATGACCT	11
hft_w21_p5_r2_GACCAATGTATGGTTC	73
hft_w21_p5_r2_GACCAATGTTTGGGCC	358
hft_w21_p5_r2_GACCAATTCACGATGT	75
hft_w21_p5_r2_GACCTGGCATACGCTA	201
hft_w21_p5_r2_GACCTGGGTGGTCTCG	380
hft_w21_p5_r2_GACCTGGTCCTAGGGC	76
hft_w21_p5_r2_GACGGCTAGTCTCCTC	313
hft_w21_p5_r2_GACGGCTGTTGTGGAG	165
hft_w21_p5_r2_GACGGCTTCTTCGAGA	270
hft_w21_p5_r2_GACGTGCAGGCAGGTT	345
hft_w21_p5_r2_GACGTGCAGTTGTCGT	337
hft_w21_p5_r2_GACGTGCCAGGGCATA	173
hft_w21_p5_r2_GACGTTAAGAAGATTC	68
hft_w21_p5_r2_GACGTTAAGCAGCCTC	119
hft_w21_p5_r2_GACGTTAAGCCGGTAA	337
hft_w21_p5_r2_GACGTTAAGTATCTCG	94
hft_w21_p5_r2_GACGTTACACTTACGA	387
hft_w21_p5_r2_GACGTTAGTGGTACAG	337
hft_w21_p5_r2_GACGTTATCGGTGTTA	165
hft_w21_p5_r2_GACGTTATCTGCAAGT	231
hft_w21_p5_r2_GACGTTATCTTGCCGT	136
hft_w21_p5_r2_GACTAACAGTGACTCT	227
hft_w21_p5_r2_GACTAACCAGCTGCTG	308
hft_w21_p5_r2_GACTAACCAGGGTATG	126
hft_w21_p5_r2_GACTACAGTATAATGG	23
hft_w21_p5_r2_GACTACAGTGTTTGGT	376
hft_w21_p5_r2_GACTACATCCTTGGTC	274
hft_w21_p5_r2_GACTGCGCAGACAAAT	318
hft_w21_p5_r2_GACTGCGGTGAGCGAT	162
hft_w21_p5_r2_GAGCAGAAGAATAGGG	273
hft_w21_p5_r2_GAGCAGACACCTTGTC	145
hft_w21_p5_r2_GAGCAGACATACGCTA	19
hft_w21_p5_r2_GAGCAGAGTAAATGTG	293
hft_w21_p5_r2_GAGGTGACAAGAAAGG	142
hft_w21_p5_r2_GAGGTGACATTCACTT	19
hft_w21_p5_r2_GAGGTGAGTCATACTG	201
hft_w21_p5_r2_GAGGTGATCTCTAAGG	173
hft_w21_p5_r2_GAGTCCGAGATGTGTA	20
hft_w21_p5_r2_GAGTCCGAGGCTCAGA	395
hft_w21_p5_r2_GAGTCCGCAAGCGTAG	4
hft_w21_p5_r2_GAGTCCGTCCTTTACA	151
hft_w21_p5_r2_GATCAGTAGATCCTGT	297
hft_w21_p5_r2_GATCAGTCACTAAGTC	98
hft_w21_p5_r2_GATCAGTCATATACCG	84
hft_w21_p5_r2_GATCAGTGTTCAGACT	294
hft_w21_p5_r2_GATCAGTTCAACCATG	256
hft_w21_p5_r2_GATCAGTTCCGCTGTT	249
hft_w21_p5_r2_GATCAGTTCTGCTGTC	236
hft_w21_p5_r2_GATCGATGTTATCCGA	82
hft_w21_p5_r2_GATCGCGCACGAGGTA	76
hft_w21_p5_r2_GATCGCGGTGATGTCT	58
hft_w21_p5_r2_GATCGTAAGGACAGCT	313
hft_w21_p5_r2_GATCGTAGTACCATCA	227
hft_w21_p5_r2_GATCGTAGTGACTACT	367
hft_w21_p5_r2_GATCGTATCAACGGCC	260
hft_w21_p5_r2_GATCTAGCAAGCCTAT	287
hft_w21_p5_r2_GATCTAGCACACAGAG	337
hft_w21_p5_r2_GATCTAGCAGGGTACA	90
hft_w21_p5_r2_GATCTAGCAGGTTTCA	136
hft_w21_p5_r2_GATCTAGGTGCTAGCC	313
hft_w21_p5_r2_GATCTAGTCATTCACT	191
hft_w21_p5_r2_GATGAAAAGAGAGCTC	336
hft_w21_p5_r2_GATGAAAAGGCAGTCA	278
hft_w21_p5_r2_GATGAAACAGACGTAG	173
hft_w21_p5_r2_GATGAAACAGGTGCCT	75
hft_w21_p5_r2_GATGAAAGTCCGTCAG	58
hft_w21_p5_r2_GATGAAAGTCTACCTC	124
hft_w21_p5_r2_GATGAAAGTGCCTTGG	396
hft_w21_p5_r2_GATGAAATCGGATGTT	208
hft_w21_p5_r2_GATGAAATCGGTGTTA	311
hft_w21_p5_r2_GATGAGGCAACTGCTA	90
hft_w21_p5_r2_GATGAGGGTAGGACAC	142
hft_w21_p5_r2_GATGAGGGTTTGACAC	11
hft_w21_p5_r2_GATGAGGTCGTCACGG	86
hft_w21_p5_r2_GATGAGGTCTCAAGTG	94
hft_w21_p5_r2_GATGCTAAGACCACGA	280
hft_w21_p5_r2_GATTCAGAGCGTGAGT	248
hft_w21_p5_r2_GATTCAGAGTGGAGAA	80
hft_w21_p5_r2_GATTCAGTCCCATTTA	274
hft_w21_p5_r2_GATTCAGTCTCAAACG	30
hft_w21_p5_r2_GCAAACTCAATACGCT	136
hft_w21_p5_r2_GCAAACTCAATGTAAG	144
hft_w21_p5_r2_GCAAACTCACGGTAAG	61
hft_w21_p5_r2_GCAAACTTCAGAAATG	259
hft_w21_p5_r2_GCAATCAAGTCGCCGT	11
hft_w21_p5_r2_GCAATCAAGTTCGATC	110
hft_w21_p5_r2_GCAATCACAGGACCCT	134
hft_w21_p5_r2_GCACATAAGGAGTTGC	259
hft_w21_p5_r2_GCACATACAGCCTGTG	31
hft_w21_p5_r2_GCACATAGTCCGTCAG	82
hft_w21_p5_r2_GCACATATCAACGGCC	330
hft_w21_p5_r2_GCACTCTAGCAAATCA	351
hft_w21_p5_r2_GCACTCTAGCCTCGTG	153
hft_w21_p5_r2_GCACTCTAGCTAACTC	190
hft_w21_p5_r2_GCACTCTCACATGACT	153
hft_w21_p5_r2_GCACTCTCACGTTGGC	308
hft_w21_p5_r2_GCACTCTGTAATAGCA	280
hft_w21_p5_r2_GCACTCTGTAGCTCCG	140
hft_w21_p5_r2_GCACTCTGTATTCGTG	370
hft_w21_p5_r2_GCACTCTGTCCGCTGA	8
hft_w21_p5_r2_GCAGCCACACCCATTC	225
hft_w21_p5_r2_GCAGCCAGTACCGGCT	337
hft_w21_p5_r2_GCAGCCAGTCGAAAGC	297
hft_w21_p5_r2_GCAGCCATCTCCAGGG	367
hft_w21_p5_r2_GCAGCCATCTGCTTGC	176
hft_w21_p5_r2_GCAGTTACAAGCCGTC	334
hft_w21_p5_r2_GCATACACAATTCCTT	326
hft_w21_p5_r2_GCATACACAGTGAGTG	139
hft_w21_p5_r2_GCATACACATAAGACA	201
hft_w21_p5_r2_GCATACACATCTCGCT	120
hft_w21_p5_r2_GCATACACATTTGCTT	40
hft_w21_p5_r2_GCATGATCACAGGCCT	313
hft_w21_p5_r2_GCATGATTCACTGGGC	311
hft_w21_p5_r2_GCATGATTCATTATCC	308
hft_w21_p5_r2_GCATGATTCTATGTGG	19
hft_w21_p5_r2_GCATGCGCACATGGGA	120
hft_w21_p5_r2_GCATGCGCATACAGCT	380
hft_w21_p5_r2_GCATGCGGTACCAGTT	337
hft_w21_p5_r2_GCATGCGGTAGCGATG	108
hft_w21_p5_r2_GCATGCGGTTCGTGAT	3
hft_w21_p5_r2_GCATGCGGTTTCCACC	249
hft_w21_p5_r2_GCATGTAAGCCGCCTA	142
hft_w21_p5_r2_GCATGTACAAATACAG	15
hft_w21_p5_r2_GCATGTATCTACGAGT	259
hft_w21_p5_r2_GCCAAATAGAAAGTGG	201
hft_w21_p5_r2_GCCAAATAGGACATTA	396
hft_w21_p5_r2_GCCAAATAGTGTTAGA	18
hft_w21_p5_r2_GCCAAATCAAGTCTAC	274
hft_w21_p5_r2_GCCAAATGTACTTGAC	110
hft_w21_p5_r2_GCCAAATTCGTAGATC	341
hft_w21_p5_r2_GCCTCTAAGTACTTGC	80
hft_w21_p5_r2_GCCTCTAAGTGGTCCC	277
hft_w21_p5_r2_GCCTCTAGTATATCCG	145
hft_w21_p5_r2_GCCTCTAGTTCAACCA	19
hft_w21_p5_r2_GCCTCTATCAAGCCTA	58
hft_w21_p5_r2_GCGACCAGTCAGATAA	272
hft_w21_p5_r2_GCGACCAGTGTGGCTC	133
hft_w21_p5_r2_GCGACCATCTGACCTC	98
hft_w21_p5_r2_GCGAGAATCACATAGC	73
hft_w21_p5_r2_GCGAGAATCTGAGTGT	351
hft_w21_p5_r2_GCGCAACAGACAGGCT	270
hft_w21_p5_r2_GCGCAACAGCTATGCT	129
hft_w21_p5_r2_GCGCAACCAGCCACCA	60
hft_w21_p5_r2_GCGCAACGTACATGTC	272
hft_w21_p5_r2_GCGCAACGTTGTCTTT	74
hft_w21_p5_r2_GCGCAACTCTGCTTGC	337
hft_w21_p5_r2_GCGCAGTAGACAATAC	149
hft_w21_p5_r2_GCGCAGTAGCTGTTCA	3
hft_w21_p5_r2_GCGCAGTAGTTATCGC	234
hft_w21_p5_r2_GCGCAGTGTGTGTGCC	277
hft_w21_p5_r2_GCGCAGTTCAACACTG	31
hft_w21_p5_r2_GCGCAGTTCGGTGTTA	214
hft_w21_p5_r2_GCGCCAAAGAAAGTGG	64
hft_w21_p5_r2_GCGCCAAAGAATGTGT	109
hft_w21_p5_r2_GCGCCAAAGGACTGGT	108
hft_w21_p5_r2_GCGCCAAAGTGCGTGA	172
hft_w21_p5_r2_GCGCCAACAATAGCGG	311
hft_w21_p5_r2_GCGCCAAGTACAAGTA	388
hft_w21_p5_r2_GCGCCAAGTCTCGTTC	183
hft_w21_p5_r2_GCGCCAAGTGGTCTCG	56
hft_w21_p5_r2_GCGCCAATCACCACCT	281
hft_w21_p5_r2_GCGCCAATCGGACAAG	142
hft_w21_p5_r2_GCGCGATCAATACGCT	233
hft_w21_p5_r2_GCGCGATCATTGCGGC	292
hft_w21_p5_r2_GCGCGATGTGTGGTTT	119
hft_w21_p5_r2_GCGCGATTCAGTTCGA	20
hft_w21_p5_r2_GCGCGATTCATCATTC	38
hft_w21_p5_r2_GCGGGTTAGACCTAGG	245
hft_w21_p5_r2_GCGGGTTAGCCCAGCT	42
hft_w21_p5_r2_GCGGGTTGTCAAAGAT	142
hft_w21_p5_r2_GCGGGTTTCAGTGCAT	202
hft_w21_p5_r2_GCTCCTAAGTTGTAGA	250
hft_w21_p5_r2_GCTCCTACACACAGAG	326
hft_w21_p5_r2_GCTCCTACAGTACACT	19
hft_w21_p5_r2_GCTCCTAGTACGACCC	363
hft_w21_p5_r2_GCTCCTATCCCGACTT	140
hft_w21_p5_r2_GCTCTGTAGAAACGCC	392
hft_w21_p5_r2_GCTCTGTAGCAACGGT	283
hft_w21_p5_r2_GCTCTGTAGGCCCTCA	80
hft_w21_p5_r2_GCTCTGTCATATGAGA	15
hft_w21_p5_r2_GCTCTGTGTAGTAGTA	89
hft_w21_p5_r2_GCTGCAGCATGCTGGC	227
hft_w21_p5_r2_GCTGCAGCATTGGTAC	96
hft_w21_p5_r2_GCTGCAGGTCGGCTCA	396
hft_w21_p5_r2_GCTGCAGTCGTCCGTT	80
hft_w21_p5_r2_GCTGCGAAGCAATCTC	381
hft_w21_p5_r2_GCTGCGACACCTCGTT	230
hft_w21_p5_r2_GCTGCGATCCTGCCAT	108
hft_w21_p5_r2_GCTGCTTCAACTGCGC	108
hft_w21_p5_r2_GCTGCTTCACTAAGTC	271
hft_w21_p5_r2_GCTGCTTGTTACAGAA	142
hft_w21_p5_r2_GCTGCTTGTTATCCGA	272
hft_w21_p5_r2_GCTGGGTAGATAGTCA	38
hft_w21_p5_r2_GCTGGGTCACACAGAG	280
hft_w21_p5_r2_GCTGGGTTCAACGCTA	9
hft_w21_p5_r2_GCTTGAAAGGATGCGT	110
hft_w21_p5_r2_GCTTGAACACAACGTT	318
hft_w21_p5_r2_GCTTGAAGTCAAACTC	111
hft_w21_p5_r2_GCTTGAAGTCGCTTTC	376
hft_w21_p5_r2_GCTTGAAGTTGGACCC	131
hft_w21_p5_r2_GCTTGAATCGGAGCAA	294
hft_w21_p5_r2_GGAAAGCCATCCCATC	4
hft_w21_p5_r2_GGAAAGCGTGCACCAC	234
hft_w21_p5_r2_GGAAAGCGTTGAGTTC	60
hft_w21_p5_r2_GGAAAGCTCAAACGGG	11
hft_w21_p5_r2_GGAAAGCTCCTGTAGA	283
hft_w21_p5_r2_GGAACTTAGAACTGTA	90
hft_w21_p5_r2_GGAACTTAGGATGGAA	42
hft_w21_p5_r2_GGAACTTGTCAGCTAT	296
hft_w21_p5_r2_GGAACTTGTGAACCTT	36
hft_w21_p5_r2_GGAATAAAGTTATCGC	150
hft_w21_p5_r2_GGAATAAGTCGCGAAA	99
hft_w21_p5_r2_GGAATAATCTTGCCGT	270
hft_w21_p5_r2_GGACAAGAGTAATCCC	237
hft_w21_p5_r2_GGACAAGCATTCTTAC	200
hft_w21_p5_r2_GGACAAGGTCATACTG	93
hft_w21_p5_r2_GGACAAGTCCCTTGCA	83
hft_w21_p5_r2_GGACAAGTCGCTTAGA	245
hft_w21_p5_r2_GGACAGAAGCTAGTTC	189
hft_w21_p5_r2_GGACAGAAGTGGTAAT	26
hft_w21_p5_r2_GGACAGACACGCTTTC	186
hft_w21_p5_r2_GGACAGACAGTGAGTG	173
hft_w21_p5_r2_GGACAGACATTCGACA	9
hft_w21_p5_r2_GGACAGAGTCGCCATG	191
hft_w21_p5_r2_GGACAGATCAAACGGG	281
hft_w21_p5_r2_GGACATTAGCTCTCGG	97
hft_w21_p5_r2_GGACATTCACAACGCC	353
hft_w21_p5_r2_GGACATTGTCGACTGC	201
hft_w21_p5_r2_GGACATTGTGCAACTT	351
hft_w21_p5_r2_GGACATTGTGTGAATA	376
hft_w21_p5_r2_GGACATTTCAAACAAG	225
hft_w21_p5_r2_GGACATTTCAACACGT	296
hft_w21_p5_r2_GGACATTTCACGCATA	82
hft_w21_p5_r2_GGACATTTCTAACTGG	176
hft_w21_p5_r2_GGACGTCAGACTTGAA	60
hft_w21_p5_r2_GGACGTCAGTCTTGCA	76
hft_w21_p5_r2_GGACGTCCATTTGCTT	274
hft_w21_p5_r2_GGACGTCTCACGCGGT	293
hft_w21_p5_r2_GGACGTCTCGGATGGA	17
hft_w21_p5_r2_GGACGTCTCTAACCGA	313
hft_w21_p5_r2_GGAGCAAAGCTCAACT	76
hft_w21_p5_r2_GGAGCAAAGTCAAGCG	378
hft_w21_p5_r2_GGAGCAACAATGAAAC	352
hft_w21_p5_r2_GGAGCAACACCCAGTG	173
hft_w21_p5_r2_GGAGCAAGTGAAAGAG	337
hft_w21_p5_r2_GGAGCAATCGGTGTTA	277
hft_w21_p5_r2_GGAGCAATCTGTCTCG	370
hft_w21_p5_r2_GGATGTTAGATGCCAG	399
hft_w21_p5_r2_GGATGTTAGCGATGAC	201
hft_w21_p5_r2_GGATGTTGTACACCGC	144
hft_w21_p5_r2_GGATGTTGTGCACTTA	259
hft_w21_p5_r2_GGATTACAGAGCTGGT	384
hft_w21_p5_r2_GGATTACAGCCACTAT	337
hft_w21_p5_r2_GGATTACCACGGATAG	165
hft_w21_p5_r2_GGATTACCATTTCACT	173
hft_w21_p5_r2_GGATTACGTAAGTAGT	133
hft_w21_p5_r2_GGCAATTAGCTTCGCG	259
hft_w21_p5_r2_GGCAATTCAACTGCTA	119
hft_w21_p5_r2_GGCAATTCAATGGACG	144
hft_w21_p5_r2_GGCAATTCACCTGGTG	98
hft_w21_p5_r2_GGCAATTCAGGGTTAG	108
hft_w21_p5_r2_GGCCGATGTCAGATAA	2
hft_w21_p5_r2_GGCGACTAGGCGCTCT	86
hft_w21_p5_r2_GGCGACTAGTCTCCTC	145
hft_w21_p5_r2_GGCGACTCATCCGGGT	7
hft_w21_p5_r2_GGCGACTGTTACGGAG	82
hft_w21_p5_r2_GGCGTGTCAGTGGGAT	368
hft_w21_p5_r2_GGCTCGAAGATCCGAG	133
hft_w21_p5_r2_GGCTCGACAAACCTAC	334
hft_w21_p5_r2_GGCTCGAGTAGCTCCG	368
hft_w21_p5_r2_GGCTCGAGTGACAAAT	308
hft_w21_p5_r2_GGCTCGATCACGAAGG	376
hft_w21_p5_r2_GGCTGGTAGGGCTTGA	15
hft_w21_p5_r2_GGCTGGTGTAGGCATG	183
hft_w21_p5_r2_GGCTGGTGTCCTCTTG	97
hft_w21_p5_r2_GGCTGGTGTCGACTAT	105
hft_w21_p5_r2_GGCTGGTTCTACTATC	172
hft_w21_p5_r2_GGGAATGAGATCGGGT	133
hft_w21_p5_r2_GGGAATGCACTGTTAG	358
hft_w21_p5_r2_GGGAATGGTGTTTGTG	42
hft_w21_p5_r2_GGGAATGTCCGAACGC	73
hft_w21_p5_r2_GGGACCTCAACCGCCA	90
hft_w21_p5_r2_GGGACCTCACAGACAG	216
hft_w21_p5_r2_GGGACCTGTACCATCA	233
hft_w21_p5_r2_GGGACCTGTGTGAATA	380
hft_w21_p5_r2_GGGACCTTCATCTGCC	58
hft_w21_p5_r2_GGGAGATAGGATGCGT	97
hft_w21_p5_r2_GGGAGATAGTTAACGA	4
hft_w21_p5_r2_GGGAGATCAAAGTCAA	80
hft_w21_p5_r2_GGGAGATCACCAGGTC	42
hft_w21_p5_r2_GGGAGATTCTAACTGG	15
hft_w21_p5_r2_GGGATGAAGAAACGCC	337
hft_w21_p5_r2_GGGATGACAGACAAGC	108
hft_w21_p5_r2_GGGATGACATGACATC	337
hft_w21_p5_r2_GGGATGATCACAATGC	298
hft_w21_p5_r2_GGGATGATCACAGTAC	82
hft_w21_p5_r2_GGGCACTAGTCGTACT	303
hft_w21_p5_r2_GGGCACTAGTGGGATC	78
hft_w21_p5_r2_GGGCACTTCCAAAGTC	361
hft_w21_p5_r2_GGGCATCAGATCGGGT	34
hft_w21_p5_r2_GGGCATCCAATAGAGT	139
hft_w21_p5_r2_GGGCATCTCCTTTCTC	396
hft_w21_p5_r2_GGGTCTGAGTCCATAC	42
hft_w21_p5_r2_GGGTCTGCAAGCCGCT	33
hft_w21_p5_r2_GGGTCTGCAGTAAGAT	176
hft_w21_p5_r2_GGGTCTGGTAAACACA	15
hft_w21_p5_r2_GGGTCTGGTGTCTGAT	45
hft_w21_p5_r2_GGGTCTGTCGCAAACT	281
hft_w21_p5_r2_GGGTTGCAGCTCTCGG	79
hft_w21_p5_r2_GGGTTGCCAGTATGCT	270
hft_w21_p5_r2_GGGTTGCTCTCTAGGA	351
hft_w21_p5_r2_GGTATTGAGAGTCTGG	229
hft_w21_p5_r2_GGTATTGCAAGTAATG	3
hft_w21_p5_r2_GGTATTGCACTTCGAA	61
hft_w21_p5_r2_GGTATTGCAGTTCATG	217
hft_w21_p5_r2_GGTATTGGTCGCGGTT	142
hft_w21_p5_r2_GGTGAAGAGGAATTAC	376
hft_w21_p5_r2_GGTGAAGCAAGAAGAG	207
hft_w21_p5_r2_GGTGAAGCAATCAGAA	332
hft_w21_p5_r2_GGTGAAGTCGTTTAGG	212
hft_w21_p5_r2_GGTGAAGTCTGATACG	324
hft_w21_p5_r2_GGTGAAGTCTTATCTG	256
hft_w21_p5_r2_GGTGCGTGTCTAGGTT	6
hft_w21_p5_r2_GGTGCGTTCCGTAGGC	274
hft_w21_p5_r2_GGTGCGTTCCTTGCCA	63
hft_w21_p5_r2_GGTGTTACAATAACGA	145
hft_w21_p5_r2_GGTGTTACATACAGCT	188
hft_w21_p5_r2_GGTGTTAGTTATCCGA	16
hft_w21_p5_r2_GGTGTTATCGAATCCA	283
hft_w21_p5_r2_GTAACGTAGATCGGGT	220
hft_w21_p5_r2_GTAACGTAGTGTACCT	200
hft_w21_p5_r2_GTAACGTCAGCAGTTT	17
hft_w21_p5_r2_GTAACGTGTGATGCCC	140
hft_w21_p5_r2_GTAACTGAGAGATGAG	115
hft_w21_p5_r2_GTAACTGGTCCAACTA	280
hft_w21_p5_r2_GTAACTGTCACTTACT	83
hft_w21_p5_r2_GTAACTGTCATAAAGG	370
hft_w21_p5_r2_GTAACTGTCCCTAATT	94
hft_w21_p5_r2_GTAACTGTCCGTACAA	326
hft_w21_p5_r2_GTACGTAAGCCACGCT	234
hft_w21_p5_r2_GTACGTAGTATGAAAC	367
hft_w21_p5_r2_GTACGTAGTCAATGTC	102
hft_w21_p5_r2_GTACGTAGTCCAGTTA	120
hft_w21_p5_r2_GTACGTAGTTGTGGAG	26
hft_w21_p5_r2_GTACTCCGTACCGTTA	110
hft_w21_p5_r2_GTACTCCTCTGCTGCT	281
hft_w21_p5_r2_GTACTCCTCTGCTTGC	140
hft_w21_p5_r2_GTACTTTCAGTTTACG	306
hft_w21_p5_r2_GTACTTTGTCGCGTGT	227
hft_w21_p5_r2_GTACTTTGTTACCGAT	189
hft_w21_p5_r2_GTACTTTGTTCGAATC	342
hft_w21_p5_r2_GTACTTTTCAGGATCT	388
hft_w21_p5_r2_GTACTTTTCTACCTGC	83
hft_w21_p5_r2_GTACTTTTCTATCGCC	280
hft_w21_p5_r2_GTACTTTTCTCTTGAT	336
hft_w21_p5_r2_GTACTTTTCTTTACAC	379
hft_w21_p5_r2_GTAGGCCAGAGATGAG	336
hft_w21_p5_r2_GTAGGCCCACCATGTA	67
hft_w21_p5_r2_GTAGGCCCAGTATGCT	17
hft_w21_p5_r2_GTAGGCCGTTAGGGTG	363
hft_w21_p5_r2_GTAGTCAAGGCCATAG	61
hft_w21_p5_r2_GTAGTCACAGTATAAG	14
hft_w21_p5_r2_GTAGTCAGTACTCGCG	151
hft_w21_p5_r2_GTAGTCAGTAGATTAG	133
hft_w21_p5_r2_GTAGTCATCGGAATCT	110
hft_w21_p5_r2_GTAGTCATCTGGTATG	270
hft_w21_p5_r2_GTATCTTAGCCTCGTG	358
hft_w21_p5_r2_GTATCTTAGCGATTCT	133
hft_w21_p5_r2_GTATCTTCATCCTTGC	259
hft_w21_p5_r2_GTATCTTGTAGCTAAA	119
hft_w21_p5_r2_GTATCTTGTCAATGTC	173
hft_w21_p5_r2_GTATCTTGTTAAGATG	110
hft_w21_p5_r2_GTATCTTTCCAAAGTC	261
hft_w21_p5_r2_GTATCTTTCTAACGGT	247
hft_w21_p5_r2_GTATTCTAGATGCCAG	42
hft_w21_p5_r2_GTATTCTAGCTGAACG	165
hft_w21_p5_r2_GTATTCTAGTTGAGAT	11
hft_w21_p5_r2_GTATTCTCATGCCACG	82
hft_w21_p5_r2_GTATTCTTCTAACCGA	44
hft_w21_p5_r2_GTCAAGTCAAGGACAC	166
hft_w21_p5_r2_GTCAAGTCACTTCGAA	121
hft_w21_p5_r2_GTCAAGTCATCTACGA	3
hft_w21_p5_r2_GTCAAGTCATTATCTC	79
hft_w21_p5_r2_GTCAAGTGTAGATTAG	119
hft_w21_p5_r2_GTCAAGTGTGAGTATA	218
hft_w21_p5_r2_GTCAAGTTCAGCAACT	391
hft_w21_p5_r2_GTCAAGTTCGATAGAA	337
hft_w21_p5_r2_GTCAAGTTCGTCTGCT	359
hft_w21_p5_r2_GTCACAAAGATCCTGT	24
hft_w21_p5_r2_GTCACAAAGCTGTTCA	337
hft_w21_p5_r2_GTCACAAAGTACGCGA	230
hft_w21_p5_r2_GTCACAATCGTGACAT	294
hft_w21_p5_r2_GTCACGGAGCGCTTAT	270
hft_w21_p5_r2_GTCACGGCATATACCG	228
hft_w21_p5_r2_GTCACGGGTTCTGGTA	15
hft_w21_p5_r2_GTCATTTAGAGGTAGA	183
hft_w21_p5_r2_GTCATTTAGATGTAAC	145
hft_w21_p5_r2_GTCATTTAGCCATCGC	363
hft_w21_p5_r2_GTCATTTCAATCTGCA	391
hft_w21_p5_r2_GTCATTTGTATTACCG	399
hft_w21_p5_r2_GTCATTTGTGTGACCC	336
hft_w21_p5_r2_GTCATTTTCACAGTAC	221
hft_w21_p5_r2_GTCATTTTCCGCGCAA	108
hft_w21_p5_r2_GTCCTCAAGTACGCGA	390
hft_w21_p5_r2_GTCCTCACACTATCTT	221
hft_w21_p5_r2_GTCCTCATCAAGGCTT	11
hft_w21_p5_r2_GTCGGGTCAGATTGCT	256
hft_w21_p5_r2_GTCGGGTGTCTCTCTG	36
hft_w21_p5_r2_GTCGGGTGTTACCGAT	108
hft_w21_p5_r2_GTCGTAATCTAGAGTC	86
hft_w21_p5_r2_GTCGTAATCTGTACGA	79
hft_w21_p5_r2_GTCTCGTCAAGGACTG	280
hft_w21_p5_r2_GTCTCGTCAGATCTGT	38
hft_w21_p5_r2_GTCTCGTGTTGCTCCT	142
hft_w21_p5_r2_GTCTTCGAGAGGACGG	256
hft_w21_p5_r2_GTCTTCGGTCGGCACT	72
hft_w21_p5_r2_GTCTTCGTCAACTCTT	248
hft_w21_p5_r2_GTGAAGGAGAGACTTA	57
hft_w21_p5_r2_GTGAAGGCATGCTGGC	38
hft_w21_p5_r2_GTGAAGGGTGTGGTTT	384
hft_w21_p5_r2_GTGAAGGTCTTTCCTC	146
hft_w21_p5_r2_GTGCAGCAGATGTGTA	83
hft_w21_p5_r2_GTGCAGCCACAGCGTC	318
hft_w21_p5_r2_GTGCAGCCATGGGAAC	294
hft_w21_p5_r2_GTGCAGCGTAGCTTGT	321
hft_w21_p5_r2_GTGCATACAGGATCGA	396
hft_w21_p5_r2_GTGCATATCTCGCATC	156
hft_w21_p5_r2_GTGCATATCTGCTTGC	98
hft_w21_p5_r2_GTGCGGTAGAAAGTGG	73
hft_w21_p5_r2_GTGCGGTCAACACGCC	1
hft_w21_p5_r2_GTGCGGTCATGACGGA	330
hft_w21_p5_r2_GTGCGGTTCCTTAATC	280
hft_w21_p5_r2_GTGCGGTTCTGAGGGA	194
hft_w21_p5_r2_GTGCGGTTCTTCAACT	321
hft_w21_p5_r2_GTGGGTCAGAATTCCC	48
hft_w21_p5_r2_GTGGGTCCAGTAAGAT	384
hft_w21_p5_r2_GTGGGTCCATTAGCCA	226
hft_w21_p5_r2_GTGGGTCGTATCACCA	15
hft_w21_p5_r2_GTGGGTCTCAGTTAGC	108
hft_w21_p5_r2_GTGGGTCTCTGGGCCA	337
hft_w21_p5_r2_GTGTGCGTCGGAAATA	270
hft_w21_p5_r2_GTGTTAGCAATAACGA	19
hft_w21_p5_r2_GTGTTAGCATGCGCAC	178
hft_w21_p5_r2_GTGTTAGGTGTCTGAT	200
hft_w21_p5_r2_GTTAAGCAGTACGTAA	326
hft_w21_p5_r2_GTTACAGAGCGCCTTG	337
hft_w21_p5_r2_GTTACAGGTACTTGAC	31
hft_w21_p5_r2_GTTACAGTCAGTCAGT	358
hft_w21_p5_r2_GTTACAGTCATCGATG	42
hft_w21_p5_r2_GTTCATTAGGTGATAT	178
hft_w21_p5_r2_GTTCATTGTTAAGACA	145
hft_w21_p5_r2_GTTCATTGTTGGTGGA	196
hft_w21_p5_r2_GTTCGGGAGAAACCGC	313
hft_w21_p5_r2_GTTCGGGGTACCATCA	38
hft_w21_p5_r2_GTTCGGGGTCATATGC	280
hft_w21_p5_r2_GTTCGGGTCTGGTATG	273
hft_w21_p5_r2_GTTCTCGAGAAACGCC	176
hft_w21_p5_r2_GTTCTCGAGGACATTA	116
hft_w21_p5_r2_GTTCTCGAGTAGCCGA	234
hft_w21_p5_r2_GTTCTCGAGTGGTCCC	108
hft_w21_p5_r2_GTTCTCGCAAACCTAC	139
hft_w21_p5_r2_GTTCTCGCATTACCTT	36
hft_w21_p5_r2_GTTCTCGCATTTGCCC	45
hft_w21_p5_r2_GTTCTCGGTCATACTG	64
hft_w21_p5_r2_GTTCTCGGTGATAAAC	351
hft_w21_p5_r2_GTTCTCGGTGATGATA	104
hft_w21_p5_r2_GTTCTCGGTGGTCCGT	190
hft_w21_p5_r2_GTTTCTACAGTAAGCG	133
hft_w21_p5_r2_GTTTCTATCTAGAGTC	4
hft_w21_p5_r2_TAAACCGAGTAGGTGC	193
hft_w21_p5_r2_TAAACCGCAAATACAG	256
hft_w21_p5_r2_TAAACCGTCGATGAGG	17
hft_w21_p5_r2_TAAGAGAAGCCGTCGT	73
hft_w21_p5_r2_TAAGAGACAAACGTGG	145
hft_w21_p5_r2_TAAGAGACATTTGCTT	373
hft_w21_p5_r2_TAAGAGATCTTAGAGC	17
hft_w21_p5_r2_TAAGCGTCAAATACAG	147
hft_w21_p5_r2_TAAGTGCCATCCGCGA	60
hft_w21_p5_r2_TAAGTGCCATGCCTAA	292
hft_w21_p5_r2_TAAGTGCGTTCCCGAG	11
hft_w21_p5_r2_TAAGTGCGTTCGCTAA	311
hft_w21_p5_r2_TAAGTGCTCGACAGCC	173
hft_w21_p5_r2_TACACGAAGAACAACT	227
hft_w21_p5_r2_TACACGACAACGATGG	127
hft_w21_p5_r2_TACACGACAGCTGCAC	200
hft_w21_p5_r2_TACACGACAGGTCTCG	36
hft_w21_p5_r2_TACACGACAGTCCTTC	153
hft_w21_p5_r2_TACACGACATGATCCA	179
hft_w21_p5_r2_TACACGATCGCAGGCT	172
hft_w21_p5_r2_TACACGATCTCCTATA	376
hft_w21_p5_r2_TACAGTGAGACTGTAA	108
hft_w21_p5_r2_TACAGTGAGCGTCTAT	396
hft_w21_p5_r2_TACAGTGAGTGGTAAT	94
hft_w21_p5_r2_TACAGTGGTGAAATCA	337
hft_w21_p5_r2_TACCTATAGCGATCCC	145
hft_w21_p5_r2_TACCTATAGTTTAGGA	376
hft_w21_p5_r2_TACCTATCAAGCCGCT	280
hft_w21_p5_r2_TACCTATCACGCATCG	48
hft_w21_p5_r2_TACCTATCAGGTCGTC	369
hft_w21_p5_r2_TACCTATCAGTGGAGT	83
hft_w21_p5_r2_TACCTATGTCAGCTAT	317
hft_w21_p5_r2_TACCTTAAGCATGGCA	72
hft_w21_p5_r2_TACCTTAAGCCTATGT	58
hft_w21_p5_r2_TACCTTAAGGCTATCT	245
hft_w21_p5_r2_TACCTTAGTAAATACG	172
hft_w21_p5_r2_TACCTTAGTGGTGTAG	133
hft_w21_p5_r2_TACCTTAGTGTCTGAT	17
hft_w21_p5_r2_TACGGATAGCGCCTCA	98
hft_w21_p5_r2_TACGGATCAAGGTTTC	189
hft_w21_p5_r2_TACGGATCAAGTAATG	259
hft_w21_p5_r2_TACGGATCAGATAATG	151
hft_w21_p5_r2_TACGGATGTAGGAGTC	296
hft_w21_p5_r2_TACGGATGTGCGGTAA	73
hft_w21_p5_r2_TACGGATTCTCAAGTG	73
hft_w21_p5_r2_TACGGGCCACCTATCC	351
hft_w21_p5_r2_TACGGGCGTGTTTGGT	331
hft_w21_p5_r2_TACGGGCTCAACACCA	280
hft_w21_p5_r2_TACGGGCTCACCTCGT	235
hft_w21_p5_r2_TACGGTAAGAAGGTTT	83
hft_w21_p5_r2_TACGGTACATCAGTAC	82
hft_w21_p5_r2_TACGGTATCCACTGGG	270
hft_w21_p5_r2_TACGGTATCGAGGTAG	313
hft_w21_p5_r2_TACGGTATCTTAGCCC	24
hft_w21_p5_r2_TACTCATCAGAGTGTG	58
hft_w21_p5_r2_TACTCATCATGCTAGT	250
hft_w21_p5_r2_TACTCATCATTGAGCT	40
hft_w21_p5_r2_TACTCATGTAAGTTCC	17
hft_w21_p5_r2_TACTCATGTCTAGCGC	173
hft_w21_p5_r2_TACTCATGTTCGTCTC	183
hft_w21_p5_r2_TACTCATTCGGTGTCG	365
hft_w21_p5_r2_TACTCATTCTGTACGA	342
hft_w21_p5_r2_TACTCGCAGATGTTAG	190
hft_w21_p5_r2_TACTCGCAGGCTAGGT	3
hft_w21_p5_r2_TACTCGCCAATAACGA	336
hft_w21_p5_r2_TACTCGCCAATGCCAT	326
hft_w21_p5_r2_TACTCGCCACTACAGT	42
hft_w21_p5_r2_TACTCGCCATATGAGA	176
hft_w21_p5_r2_TACTCGCCATGCGCAC	90
hft_w21_p5_r2_TACTCGCGTACGCACC	82
hft_w21_p5_r2_TACTCGCTCACCCTCA	321
hft_w21_p5_r2_TACTTACAGACACTAA	141
hft_w21_p5_r2_TACTTACAGCCACCTG	178
hft_w21_p5_r2_TACTTACAGTTCCACA	318
hft_w21_p5_r2_TACTTACTCTGCCCTA	346
hft_w21_p5_r2_TACTTGTCAAGAGGCT	293
hft_w21_p5_r2_TACTTGTCAAGCGTAG	142
hft_w21_p5_r2_TACTTGTGTGAGGGAG	10
hft_w21_p5_r2_TACTTGTTCCTGCCAT	1
hft_w21_p5_r2_TAGACCAAGAAAGTGG	80
hft_w21_p5_r2_TAGACCAAGCAATCTC	256
hft_w21_p5_r2_TAGACCAAGTTCCACA	396
hft_w21_p5_r2_TAGACCACACACCGCA	1
hft_w21_p5_r2_TAGACCACACATCCAA	346
hft_w21_p5_r2_TAGACCAGTTCCGGCA	183
hft_w21_p5_r2_TAGACCATCACTCCTG	343
hft_w21_p5_r2_TAGACCATCATCACCC	376
hft_w21_p5_r2_TAGACCATCGCAGGCT	259
hft_w21_p5_r2_TAGACCATCTCGTATT	136
hft_w21_p5_r2_TAGAGCTCATACTCTT	98
hft_w21_p5_r2_TAGAGCTGTGAAGGCT	380
hft_w21_p5_r2_TAGAGCTTCTTAGAGC	108
hft_w21_p5_r2_TAGCCGGAGGCTATCT	45
hft_w21_p5_r2_TAGCCGGCACGCCAGT	19
hft_w21_p5_r2_TAGGCATAGATCTGCT	155
hft_w21_p5_r2_TAGGCATAGGCTCTTA	112
hft_w21_p5_r2_TAGGCATAGTAGGCCA	31
hft_w21_p5_r2_TAGGCATCATCACAAC	134
hft_w21_p5_r2_TAGGCATGTGAAGGCT	176
hft_w21_p5_r2_TAGGCATGTGCAGACA	136
hft_w21_p5_r2_TAGGCATTCCGCAGTG	324
hft_w21_p5_r2_TAGGCATTCTAACGGT	172
hft_w21_p5_r2_TAGGCATTCTGGCGTG	396
hft_w21_p5_r2_TAGTGGTAGAGAGCTC	336
hft_w21_p5_r2_TAGTGGTCAACGATGG	110
hft_w21_p5_r2_TAGTTGGAGTCCTCCT	335
hft_w21_p5_r2_TAGTTGGGTAAACCTC	227
hft_w21_p5_r2_TAGTTGGGTCAGTGGA	230
hft_w21_p5_r2_TATCAGGTCATAGCAC	234
hft_w21_p5_r2_TATCTCAAGCGTAATA	97
hft_w21_p5_r2_TATCTCAAGGTGATAT	114
hft_w21_p5_r2_TATCTCACAAGGTTTC	280
hft_w21_p5_r2_TATCTCATCCGTAGTA	365
hft_w21_p5_r2_TATCTCATCTTGCCGT	294
hft_w21_p5_r2_TATGCCCCAAGGTTCT	80
hft_w21_p5_r2_TATGCCCGTAAATGTG	200
hft_w21_p5_r2_TATGCCCGTACAGTGG	272
hft_w21_p5_r2_TATGCCCTCACAATGC	278
hft_w21_p5_r2_TATGCCCTCTTGGGTA	79
hft_w21_p5_r2_TATTACCAGCCAGTTT	190
hft_w21_p5_r2_TATTACCAGTAGCCGA	144
hft_w21_p5_r2_TATTACCAGTCTCCTC	145
hft_w21_p5_r2_TATTACCGTGAACCTT	253
hft_w21_p5_r2_TATTACCTCCCTCAGT	58
hft_w21_p5_r2_TATTACCTCGGCCGAT	225
hft_w21_p5_r2_TCAACGAAGCTAAACA	94
hft_w21_p5_r2_TCAACGAAGGCAGGTT	294
hft_w21_p5_r2_TCAACGAAGTGGTAGC	29
hft_w21_p5_r2_TCAACGACAATCGAAA	234
hft_w21_p5_r2_TCAACGACACTTCTGC	109
hft_w21_p5_r2_TCAACGACAGACTCGC	307
hft_w21_p5_r2_TCAACGACAGATCGGA	172
hft_w21_p5_r2_TCAACGACAGCCACCA	11
hft_w21_p5_r2_TCAACGATCGAATCCA	352
hft_w21_p5_r2_TCAATCTAGCAACGGT	321
hft_w21_p5_r2_TCAATCTCAACTTGAC	331
hft_w21_p5_r2_TCACAAGAGACAGAGA	225
hft_w21_p5_r2_TCACAAGAGCCAGAAC	144
hft_w21_p5_r2_TCACAAGAGCGTTGCC	210
hft_w21_p5_r2_TCACAAGAGGCCCGTT	136
hft_w21_p5_r2_TCACAAGCAAGAGTCG	281
hft_w21_p5_r2_TCACAAGGTGCGGTAA	24
hft_w21_p5_r2_TCACAAGTCCGCATAA	239
hft_w21_p5_r2_TCACAAGTCGTGACAT	173
hft_w21_p5_r2_TCACGAAAGTAAGTAC	225
hft_w21_p5_r2_TCACGAAGTCTCCACT	384
hft_w21_p5_r2_TCAGATGAGTTAGGTA	82
hft_w21_p5_r2_TCAGATGCAAGTCTAC	312
hft_w21_p5_r2_TCAGATGGTCATCGGC	136
hft_w21_p5_r2_TCAGCAAAGCGTAGTG	84
hft_w21_p5_r2_TCAGCAACACCCATTC	277
hft_w21_p5_r2_TCAGCAACACTTGGAT	360
hft_w21_p5_r2_TCAGCAACATCCTAGA	214
hft_w21_p5_r2_TCAGCAAGTACACCGC	351
hft_w21_p5_r2_TCAGCAATCTGTGCAA	173
hft_w21_p5_r2_TCAGCTCAGAGTACCG	311
hft_w21_p5_r2_TCAGCTCCAATGGTCT	351
hft_w21_p5_r2_TCAGCTCTCACCGGGT	140
hft_w21_p5_r2_TCAGCTCTCCCTTGCA	115
hft_w21_p5_r2_TCAGCTCTCCGTACAA	294
hft_w21_p5_r2_TCAGGATAGCCGTCGT	11
hft_w21_p5_r2_TCAGGATAGGATGTAT	173
hft_w21_p5_r2_TCAGGATAGTGCGTGA	80
hft_w21_p5_r2_TCAGGATCAATACGCT	367
hft_w21_p5_r2_TCAGGATCACATCCAA	172
hft_w21_p5_r2_TCAGGATCAGCTGCTG	38
hft_w21_p5_r2_TCAGGATCATCACGTA	292
hft_w21_p5_r2_TCAGGATCATTGTGCA	11
hft_w21_p5_r2_TCAGGATGTCTAACGT	137
hft_w21_p5_r2_TCAGGATGTTTGTTGG	234
hft_w21_p5_r2_TCAGGATTCACTTATC	234
hft_w21_p5_r2_TCAGGTACAAATACAG	124
hft_w21_p5_r2_TCAGGTAGTCACCTAA	133
hft_w21_p5_r2_TCAGGTAGTTATCGGT	259
hft_w21_p5_r2_TCATTACAGGCCCTCA	272
hft_w21_p5_r2_TCATTACGTACATGTC	42
hft_w21_p5_r2_TCATTACGTCTAAAGA	270
hft_w21_p5_r2_TCATTACTCCCTCTTT	58
hft_w21_p5_r2_TCATTACTCGGCTACG	67
hft_w21_p5_r2_TCATTTGAGGGCTCTC	144
hft_w21_p5_r2_TCATTTGCAATGAAAC	165
hft_w21_p5_r2_TCATTTGCACAAGTAA	170
hft_w21_p5_r2_TCATTTGCACATCCAA	200
hft_w21_p5_r2_TCATTTGCACGAGGTA	172
hft_w21_p5_r2_TCATTTGGTCGGGTCT	281
hft_w21_p5_r2_TCATTTGTCGCCAAAT	82
hft_w21_p5_r2_TCCACACAGCCAGGAT	233
hft_w21_p5_r2_TCCACACCAATCTGCA	234
hft_w21_p5_r2_TCCACACCACGGTGTC	99
hft_w21_p5_r2_TCCACACGTCAATGTC	46
hft_w21_p5_r2_TCCACACGTTTGCATG	31
hft_w21_p5_r2_TCCACACTCAGGCAAG	250
hft_w21_p5_r2_TCCACACTCTTCGGTC	128
hft_w21_p5_r2_TCCCGATAGAACAATC	334
hft_w21_p5_r2_TCCCGATAGGACACCA	172
hft_w21_p5_r2_TCGAGGCAGCGTTCCG	326
hft_w21_p5_r2_TCGAGGCCAGCCACCA	97
hft_w21_p5_r2_TCGAGGCGTGCACGAA	198
hft_w21_p5_r2_TCGAGGCTCATGCAAC	270
hft_w21_p5_r2_TCGCGAGAGAGACGAA	313
hft_w21_p5_r2_TCGCGAGAGTCTCGGC	311
hft_w21_p5_r2_TCGCGAGGTTAAAGTG	1
hft_w21_p5_r2_TCGCGAGTCAGCTGGC	339
hft_w21_p5_r2_TCGCGTTCAATCAGAA	218
hft_w21_p5_r2_TCGCGTTGTACCGAGA	351
hft_w21_p5_r2_TCGCGTTGTGCCTGTG	190
hft_w21_p5_r2_TCGGGACGTAAAGTCA	234
hft_w21_p5_r2_TCGGTAACAGTAGAGC	104
hft_w21_p5_r2_TCGGTAAGTAAGAGGA	149
hft_w21_p5_r2_TCGGTAATCGTCACGG	15
hft_w21_p5_r2_TCGTACCAGCCATCGC	58
hft_w21_p5_r2_TCGTACCAGGAGTAGA	120
hft_w21_p5_r2_TCGTACCGTACATCCA	252
hft_w21_p5_r2_TCGTACCGTCGCTTCT	32
hft_w21_p5_r2_TCGTACCGTGACGGTA	189
hft_w21_p5_r2_TCGTACCGTTGATTGC	108
hft_w21_p5_r2_TCGTAGAGTCTACCTC	326
hft_w21_p5_r2_TCGTAGATCAGTCAGT	187
hft_w21_p5_r2_TCTATTGCACATCCAA	325
hft_w21_p5_r2_TCTATTGCACGTCAGC	342
hft_w21_p5_r2_TCTATTGGTACTTCTT	292
hft_w21_p5_r2_TCTATTGGTACTTGAC	233
hft_w21_p5_r2_TCTATTGTCACTATTC	250
hft_w21_p5_r2_TCTCATAAGCGCTTAT	308
hft_w21_p5_r2_TCTCATAAGTTGTAGA	396
hft_w21_p5_r2_TCTCTAACAAGTACCT	17
hft_w21_p5_r2_TCTCTAACACAACGTT	311
hft_w21_p5_r2_TCTCTAACAGTCGATT	66
hft_w21_p5_r2_TCTCTAAGTAGTGAAT	356
hft_w21_p5_r2_TCTCTAAGTCTAGGTT	174
hft_w21_p5_r2_TCTCTAAGTTCGTTGA	23
hft_w21_p5_r2_TCTGAGACATACCATG	130
hft_w21_p5_r2_TCTGAGATCACCGTAA	10
hft_w21_p5_r2_TCTGGAACACGGACAA	124
hft_w21_p5_r2_TCTGGAATCTTACCTA	274
hft_w21_p5_r2_TCTTCGGAGGCCGAAT	73
hft_w21_p5_r2_TCTTCGGCACAGCGTC	217
hft_w21_p5_r2_TCTTCGGGTGCAGGTA	136
hft_w21_p5_r2_TCTTTCCAGCGTTGCC	108
hft_w21_p5_r2_TCTTTCCGTCCTAGCG	108
hft_w21_p5_r2_TCTTTCCGTCTAGCCG	380
hft_w21_p5_r2_TCTTTCCGTGTGTGCC	285
hft_w21_p5_r2_TCTTTCCGTTCAGCGC	229
hft_w21_p5_r2_TGAAAGACAAGCGTAG	270
hft_w21_p5_r2_TGAAAGACATGTAAGA	120
hft_w21_p5_r2_TGAAAGATCTTGTCAT	311
hft_w21_p5_r2_TGACAACTCGCACTCT	70
hft_w21_p5_r2_TGACGGCAGGCTAGAC	61
hft_w21_p5_r2_TGACGGCAGTACGCGA	358
hft_w21_p5_r2_TGACGGCGTTCAGGCC	334
hft_w21_p5_r2_TGACGGCTCAGAAATG	148
hft_w21_p5_r2_TGACGGCTCCAAGTAC	396
hft_w21_p5_r2_TGACTAGAGCAAATCA	319
hft_w21_p5_r2_TGACTAGCAAATTGCC	15
hft_w21_p5_r2_TGACTAGCATGATCCA	292
hft_w21_p5_r2_TGACTTTCAAGCGCTC	142
hft_w21_p5_r2_TGACTTTCATCCGTGG	304
hft_w21_p5_r2_TGACTTTTCGTCTGAA	19
hft_w21_p5_r2_TGAGAGGAGAGACTTA	139
hft_w21_p5_r2_TGAGAGGAGGCCATAG	15
hft_w21_p5_r2_TGAGAGGAGGCGTACA	133
hft_w21_p5_r2_TGAGAGGCAAGAAAGG	256
hft_w21_p5_r2_TGAGAGGCAGGAACGT	277
hft_w21_p5_r2_TGAGAGGGTCAAAGCG	102
hft_w21_p5_r2_TGAGAGGGTCTTCGTC	315
hft_w21_p5_r2_TGAGAGGGTGGAAAGA	165
hft_w21_p5_r2_TGAGAGGGTTAAAGAC	320
hft_w21_p5_r2_TGAGAGGTCAGTGCAT	151
hft_w21_p5_r2_TGAGCATAGCTTCGCG	80
hft_w21_p5_r2_TGAGCATCAACTGCTA	248
hft_w21_p5_r2_TGAGCATCAATCCGAT	318
hft_w21_p5_r2_TGAGCATCACACATGT	363
hft_w21_p5_r2_TGAGCATGTAGCAAAT	370
hft_w21_p5_r2_TGAGCATGTTCGTGAT	294
hft_w21_p5_r2_TGAGCATTCCCTTGTG	160
hft_w21_p5_r2_TGAGCCGAGAGTCGGT	124
hft_w21_p5_r2_TGAGCCGCAATGTAAG	190
hft_w21_p5_r2_TGAGCCGCACATCCAA	266
hft_w21_p5_r2_TGAGCCGCACCGATAT	174
hft_w21_p5_r2_TGAGCCGTCAGTTGAC	37
hft_w21_p5_r2_TGAGCCGTCGGAATCT	181
hft_w21_p5_r2_TGAGCCGTCGTCTGAA	70
hft_w21_p5_r2_TGAGCCGTCTATGTGG	86
hft_w21_p5_r2_TGAGGGACACGCTTTC	55
hft_w21_p5_r2_TGAGGGACAGTATAAG	326
hft_w21_p5_r2_TGATTTCCACCGAAAG	270
hft_w21_p5_r2_TGCACCTAGCCCAACC	230
hft_w21_p5_r2_TGCACCTAGTAGCCGA	219
hft_w21_p5_r2_TGCACCTAGTGTTTGC	189
hft_w21_p5_r2_TGCACCTCACTAGTAC	120
hft_w21_p5_r2_TGCACCTGTCTAGCGC	292
hft_w21_p5_r2_TGCACCTGTGCGCTTG	14
hft_w21_p5_r2_TGCACCTTCTTTCCTC	58
hft_w21_p5_r2_TGCCAAAGTTTGTTGG	240
hft_w21_p5_r2_TGCCAAATCCTTTCTC	310
hft_w21_p5_r2_TGCCCATAGGATGGAA	84
hft_w21_p5_r2_TGCCCATCAAGTCTAC	336
hft_w21_p5_r2_TGCCCATGTGTGACCC	234
hft_w21_p5_r2_TGCCCATTCCGTCAAA	145
hft_w21_p5_r2_TGCCCTACACTATCTT	337
hft_w21_p5_r2_TGCCCTACAGCGTCCA	75
hft_w21_p5_r2_TGCCCTACAGCTATTG	61
hft_w21_p5_r2_TGCCCTATCCCTCTTT	256
hft_w21_p5_r2_TGCGCAGGTACTCTCC	110
hft_w21_p5_r2_TGCGCAGGTCGGCACT	80
hft_w21_p5_r2_TGCGCAGTCATTTGGG	17
hft_w21_p5_r2_TGCGCAGTCGGTCTAA	58
hft_w21_p5_r2_TGCGCAGTCTGTGCAA	120
hft_w21_p5_r2_TGCGGGTAGGGATCTG	41
hft_w21_p5_r2_TGCGGGTAGTATGACA	103
hft_w21_p5_r2_TGCGGGTCAGAAGCAC	256
hft_w21_p5_r2_TGCGGGTTCCAGTATG	13
hft_w21_p5_r2_TGCGTGGAGACGCACA	64
hft_w21_p5_r2_TGCGTGGAGCGCTTAT	83
hft_w21_p5_r2_TGCGTGGAGGCAGGTT	201
hft_w21_p5_r2_TGCTACCAGCTCCCAG	259
hft_w21_p5_r2_TGCTACCAGGTGTGGT	351
hft_w21_p5_r2_TGCTACCCAATCGGTT	80
hft_w21_p5_r2_TGCTACCCAGTAAGCG	133
hft_w21_p5_r2_TGCTACCGTAGCTGCC	72
hft_w21_p5_r2_TGCTACCTCCTAGGGC	108
hft_w21_p5_r2_TGCTACCTCGCTAGCG	38
hft_w21_p5_r2_TGCTACCTCTATCGCC	281
hft_w21_p5_r2_TGCTACCTCTTACCGC	158
hft_w21_p5_r2_TGCTGCTCAAGTCTAC	330
hft_w21_p5_r2_TGCTGCTGTAAGTTCC	58
hft_w21_p5_r2_TGCTGCTTCTGCCAGG	225
hft_w21_p5_r2_TGCTGCTTCTTCATGT	17
hft_w21_p5_r2_TGGACGCAGTAACCCT	4
hft_w21_p5_r2_TGGACGCCACCCTATC	136
hft_w21_p5_r2_TGGACGCTCAATCTCT	118
hft_w21_p5_r2_TGGCCAGAGCTGAAAT	45
hft_w21_p5_r2_TGGCCAGCAGTAAGCG	209
hft_w21_p5_r2_TGGCCAGGTAAGTAGT	53
hft_w21_p5_r2_TGGCCAGGTCCAAGTT	376
hft_w21_p5_r2_TGGCCAGTCGCTAGCG	90
hft_w21_p5_r2_TGGCCAGTCTGTTTGT	67
hft_w21_p5_r2_TGGCCAGTCTTATCTG	352
hft_w21_p5_r2_TGGCGCACACTGTGTA	287
hft_w21_p5_r2_TGGCGCAGTAAGCACG	279
hft_w21_p5_r2_TGGCGCAGTCGAGTTT	396
hft_w21_p5_r2_TGGCGCATCATGCTCC	351
hft_w21_p5_r2_TGGCTGGAGGCAATTA	308
hft_w21_p5_r2_TGGCTGGAGGCCATAG	334
hft_w21_p5_r2_TGGCTGGGTCGCGTGT	15
hft_w21_p5_r2_TGGCTGGGTTAGAACA	68
hft_w21_p5_r2_TGGCTGGTCCACGTTC	225
hft_w21_p5_r2_TGGCTGGTCCGCGTTT	234
hft_w21_p5_r2_TGGGAAGAGTCGCCGT	68
hft_w21_p5_r2_TGGGAAGAGTGTCTCA	169
hft_w21_p5_r2_TGGGAAGGTTGAACTC	259
hft_w21_p5_r2_TGGGAAGTCATCGCTC	378
hft_w21_p5_r2_TGGGAAGTCGTCGTTC	299
hft_w21_p5_r2_TGGGCGTCACGTAAGG	108
hft_w21_p5_r2_TGGGCGTTCCGGCACA	192
hft_w21_p5_r2_TGGTTAGAGAAACCAT	214
hft_w21_p5_r2_TGGTTAGAGAGGACGG	208
hft_w21_p5_r2_TGGTTAGAGGTAGCTG	348
hft_w21_p5_r2_TGGTTAGAGTACTTGC	94
hft_w21_p5_r2_TGGTTAGAGTCCGTAT	352
hft_w21_p5_r2_TGGTTAGCAAACTGCT	17
hft_w21_p5_r2_TGGTTAGCAACTGCGC	292
hft_w21_p5_r2_TGGTTAGTCTGTCTCG	308
hft_w21_p5_r2_TGGTTCCAGCGAAGGG	280
hft_w21_p5_r2_TGTATTCAGTGAACGC	383
hft_w21_p5_r2_TGTCCCAAGAAGCCCA	313
hft_w21_p5_r2_TGTCCCACAGGCTCAC	140
hft_w21_p5_r2_TGTCCCAGTTCAACCA	346
hft_w21_p5_r2_TGTCCCATCTTGTACT	99
hft_w21_p5_r2_TGTGGTAAGGTGCACA	251
hft_w21_p5_r2_TGTGGTATCTTGCCGT	211
hft_w21_p5_r2_TGTGTTTAGATTACCC	140
hft_w21_p5_r2_TGTGTTTAGCTCCTCT	342
hft_w21_p5_r2_TGTGTTTCAAACTGCT	9
hft_w21_p5_r2_TGTGTTTGTAAGTTCC	286
hft_w21_p5_r2_TGTGTTTGTTAAGAAC	363
hft_w21_p5_r2_TGTTCCGAGCCACTAT	108
hft_w21_p5_r2_TGTTCCGGTAAAGGAG	189
hft_w21_p5_r2_TGTTCCGGTTATTCTC	17
hft_w21_p5_r2_TGTTCCGTCAGCCTAA	346
hft_w21_p5_r2_TGTTCCGTCGGTGTTA	293
hft_w21_p5_r2_TTAACTCAGTATCGAA	280
hft_w21_p5_r2_TTAACTCCAAAGGTGC	31
hft_w21_p5_r2_TTAACTCGTAACGTTC	9
hft_w21_p5_r2_TTAACTCGTGTAACGG	153
hft_w21_p5_r2_TTAGGACCACCAGATT	234
hft_w21_p5_r2_TTAGGACGTATATGAG	227
hft_w21_p5_r2_TTAGGACTCCTCCTAG	206
hft_w21_p5_r2_TTAGGACTCGGTTCGG	363
hft_w21_p5_r2_TTAGGACTCTGATTCT	281
hft_w21_p5_r2_TTAGGCAAGGTAGCTG	351
hft_w21_p5_r2_TTAGGCAGTTCGTCTC	342
hft_w21_p5_r2_TTAGGCATCACCAGGC	376
hft_w21_p5_r2_TTAGTTCAGGAATGGA	82
hft_w21_p5_r2_TTAGTTCAGTTACGGG	144
hft_w21_p5_r2_TTAGTTCCAAAGAATC	106
hft_w21_p5_r2_TTAGTTCCAGCGTAAG	380
hft_w21_p5_r2_TTAGTTCGTATCACCA	172
hft_w21_p5_r2_TTAGTTCTCTACCAGA	88
hft_w21_p5_r2_TTATGCTAGCGTTCCG	94
hft_w21_p5_r2_TTATGCTAGTCCGGTC	201
hft_w21_p5_r2_TTATGCTCAAAGTGCG	15
hft_w21_p5_r2_TTATGCTCACGAAATA	337
hft_w21_p5_r2_TTATGCTCAGCTCGCA	350
hft_w21_p5_r2_TTATGCTGTCGAATCT	272
hft_w21_p5_r2_TTATGCTTCTAACCGA	19
hft_w21_p5_r2_TTCCCAGGTGTCCTCT	70
hft_w21_p5_r2_TTCCCAGTCGGAAACG	301
hft_w21_p5_r2_TTCGAAGAGAAGATTC	80
hft_w21_p5_r2_TTCGAAGGTTGTGGCC	376
hft_w21_p5_r2_TTCGGTCAGCGTTTAC	270
hft_w21_p5_r2_TTCGGTCCAACTTGAC	60
hft_w21_p5_r2_TTCGGTCGTTATGTGC	4
hft_w21_p5_r2_TTCGGTCTCAGTCAGT	376
hft_w21_p5_r2_TTCGGTCTCCACGTGG	368
hft_w21_p5_r2_TTCTACACATTACCTT	181
hft_w21_p5_r2_TTCTCAAAGAGTGACC	292
hft_w21_p5_r2_TTCTCCTGTGGCCCTA	216
hft_w21_p5_r2_TTCTCCTTCAACTCTT	70
hft_w21_p5_r2_TTCTCCTTCGGTCTAA	2
hft_w21_p5_r2_TTCTTAGAGGCAATTA	139
hft_w21_p5_r2_TTCTTAGAGTCCGTAT	272
hft_w21_p5_r2_TTCTTAGCAGCGTTCG	396
hft_w21_p5_r2_TTCTTAGGTCAACTGT	94
hft_w21_p5_r2_TTGAACGCACGGTGTC	131
hft_w21_p5_r2_TTGAACGCATGCCCGA	145
hft_w21_p5_r2_TTGAACGTCATAGCAC	367
hft_w21_p5_r2_TTGACTTAGAAGGTTT	277
hft_w21_p5_r2_TTGACTTAGATCTGCT	168
hft_w21_p5_r2_TTGACTTCACGCGAAA	245
hft_w21_p5_r2_TTGACTTGTTGAGGTG	82
hft_w21_p5_r2_TTGACTTTCGCCGTGA	351
hft_w21_p5_r2_TTGCCGTTCACTATTC	200
hft_w21_p5_r2_TTGCCGTTCCTACAGA	206
hft_w21_p5_r2_TTGCGTCTCTTTAGTC	256
hft_w21_p5_r2_TTGGCAAAGAGCTGGT	176
hft_w21_p5_r2_TTGGCAACAAGAAGAG	311
hft_w21_p5_r2_TTGGCAACACAAGCCC	102
hft_w21_p5_r2_TTGTAGGCAGGTCGTC	277
hft_w21_p5_r2_TTGTAGGCAGTGACAG	131
hft_w21_p5_r2_TTGTAGGGTCCGTCAG	161
hft_w21_p5_r2_TTGTAGGGTCTCTTAT	58
hft_w21_p5_r2_TTTACTGAGATCCCAT	363
hft_w21_p5_r2_TTTACTGCAAATCCGT	102
hft_w21_p5_r2_TTTACTGCATCGGACC	292
hft_w21_p5_r2_TTTACTGTCAGCCTAA	110
hft_w21_p5_r2_TTTATGCAGGAATTAC	136
hft_w21_p5_r2_TTTCCTCCAACCGCCA	2
hft_w21_p5_r2_TTTCCTCCAGGTCTCG	318
hft_w21_p5_r2_TTTCCTCCATACTCTT	292
hft_w21_p5_r2_TTTCCTCGTAAGGGAA	62
hft_w21_p5_r2_TTTCCTCGTACCGTAT	144
hft_w21_p5_r2_TTTCCTCTCACTGGGC	292
hft_w21_p5_r2_TTTCCTCTCCGCAAGC	80
hft_w21_p5_r2_TTTCCTCTCCTCAACC	370
hft_w21_p5_r2_TTTGCGCCATCTCGCT	234
hft_w21_p5_r2_TTTGCGCGTCCATCCT	334
hft_w21_p5_r2_TTTGCGCGTTGGTTTG	42
hft_w21_p5_r2_TTTGCGCTCTCCGGTT	69
hft_w21_p5_r2_TTTGCGCTCTGTCTAT	230
hft_w21_p5_r2_TTTGGTTCAATCAGAA	272
hft_w21_p5_r2_TTTGGTTCATATACCG	36
hft_w21_p5_r2_TTTGTCAAGGTACTCT	292
hft_w21_p5_r2_TTTGTCAAGTCCAGGA	83
hft_w21_p5_r2_TTTGTCAGTCCGAACC	365
hft_w21_p5_r2_TTTGTCAGTTACTGAC	22
hft_w21_p5_r2_TTTGTCATCCCAAGTA	363
